"CA150","CUGBP","ESRP1","ESRP2","FBP11","MAGOH","NOVA1","nSR100","PRP8","PSF","PTB","RAVER1","RBM17","RBM22","RBM3","RBM45","SAM68TV1","SC35","SF3BTV1","SF3BTV2","SKIP","SND1","SRM160","SRSF1","SRSF10","SRSF3","SRSF4","SRSF5","SRSF6","SRSF9","TIA1","TRA2A","TRA2B","U1","U11","U12","U2","U2AF1","U2AF2","U4","U4ATAC","U5","U6","U6ATAC","Tumor"
0.332536408611594,0.637312384486746,0.967614537710027,0,0.408119137479646,0.450964747924706,1,0.0909256864256717,0.498920860264464,0.0351061649005312,0.269933109764926,0.982545851523692,1,0.18209916187336,0.245858584834883,0.100915193393776,0.636538160706047,0.959394362250988,0.455798731326509,0.893599272619932,0.244971854938407,0.440291701169709,0.372861264299747,0.122009706872356,1,0.978853122321476,0,0.0635059204099698,0.0808902024558564,1,0.618156989558383,0.252714074141017,0.205181064057584,0.0768097748643745,0.0804703485823217,1,0.0448181846697961,0.166967247958185,0.129055958706459,0.0628584931858328,0.292563023740982,0.0322729596997547,0.0988411183707288,0.0941118561912035,"N"
0.332536408611594,0.179889547035348,0.786632658654223,0.162690661007836,0.421731078927128,0.747268305393903,0.466510753307497,1,0.783013223210453,0.000641999702788793,0.196201815249576,0.283900954906535,0.715174409346031,0.44738974039802,0.249224517438383,0,0.634266295254144,0.655828821323848,0.571570630222817,0.807031494241669,0.221756101234366,0,0.834972600260016,0.122009706872356,0.279199200658842,0.973569581301854,0.16382385070478,0.15554148974528,0.0202009827885819,0.326334325001499,0.22076392072641,0.962914474245839,0.337512423372854,0.247323844551897,0.0522356905844426,0.957163255592575,0.0051728644133175,0.691107780032199,0.0284842469538635,0.0125157878452771,0.0421568513187492,0.259996571993992,0.208356497558931,0.543885904153956,"N"
0.381423359290548,0.491044905567724,0.191138620494685,0.382764339013734,0.658338053019488,0.344225782035215,0.0719067270500326,0.0233678915817455,0.653319950904221,0.0116405764957624,0.309974412240788,0.472577731884767,0.281374778325337,0.596909740014062,0.230890302705069,0.424404499700853,0.554936273412949,0.579921670574691,0.625251041559165,0.779064916648483,0.365446524382974,0.724055178229522,0.803131230504512,0.11516402864368,0.256073355783851,0.847197414007521,0.230653230565983,0.36188412610832,0.179968390664624,0.243921223462818,0.716276648516215,0.552443779482093,0.437001292042849,0.732910032496741,0.176681652280563,0.0658733936220847,0.184081349421067,0.165034442931797,0.298970306346738,0.203896796919168,0.249424831878416,0.169732080441967,0.122281462919071,0.05318665212804,"N"
0.332536408611594,0.311796430373222,0.0453855340687707,0.1560698566481,0.382189158835081,0.426465734387214,0.100913345528525,0.0222831192575523,0.380813768584748,0.0252069758877129,0.104627115144173,0.253820915536921,0.286967967266357,0.274538190846815,0.145790721583983,0.135296747513133,0.252722723753438,0.326892171635948,0.565952784536151,0.539627047473074,0.614214981832786,0.32267098127398,0.772028967907342,0.0714119055870273,0.236899336297389,0.367683924184411,0.241576153453684,0.115139462819176,0.159233934317609,0.125805711697502,0.309977845171171,0.387255307165751,0.435312691149126,0.232766809040852,0.013289989878001,0.0425511661113755,0.0124384999963239,0.10232873191685,0.120266047115062,0.00273516720486168,0.39533105674759,0.0975771322812579,0.0241993992030738,0.0252969161336082,"N"
0.302704720781777,0.464381300931191,0.238407578643321,0.351804438563555,1,0.631161047759675,0.00699154684583002,0.0224305640394815,0.927029584439298,0.0329769344132399,0.45661799596194,0.597668929918005,0.289475206562328,1,0.245858584834883,0.381094550260028,0.493980862222257,0.568059954462851,1,0.879061125842,0.830122432586773,0.403701608644402,1,0.128855385101032,0.408221585145974,0.63277806492535,0.143071760677254,0.101742519656683,0.245639631275284,0.131647386332496,0.536690635723456,0.222945945262186,0.549987982540823,0.237681078185691,0.0178402615816819,0.0485800412501983,0.0297207037711576,0.105423912836012,0.0680348121926197,0.0628584931858328,1,0.208263669173956,0.0621866487546661,0.0392086749101269,"N"
0.332536408611594,0.484142877909285,0.495391310473741,0.256978076214597,0.785722325054866,0.396287426635729,0.23113485942046,0.10744652318183,0.534917377608213,0.0477493886905849,0.243510546888867,0.617705903400464,0.862878146913563,0.717750842328214,0.202186770335713,0.417756198265603,0.521887357453035,0.52399310175828,0.36193668507803,0.826020353010551,0.172051985215214,0.629797806456345,0.544467732023708,0.960044502698641,0.393912475077907,0.679557733151244,0.220644689722679,0.198267827109862,0.195844070784723,0.343535175873376,0.761696744441475,0.521813924876241,0.497936027038861,0.545878640414493,0.108705006580201,0.313850547358401,1,0.559854146682783,0.186922319866253,0.967218589785372,0.292563023740982,0.164043822392662,0.252536794694177,0.212255120524921,"N"
0.544277832936651,0.147847193295131,0.0350604077218682,0.101939739101346,0.322756339099828,0.331192068593267,0.315158945239477,0.0738256023119342,0.378982229988331,0.00648637028169866,0.299419531264666,0.291138774663763,0.322984724083429,0.449387542238431,0.339635329273195,0.259816303854726,0.688109271319917,0.378277967811853,0.394688649090341,0.622988707136623,0.430173890670398,0.312418322092076,0.31313375871216,0.540742100513651,0,0.328228815212678,0.182023604075934,0.12550806304999,0.0553327695376621,0.147035979551796,0.598826635808447,0.200527073908455,0.300304776285129,0.407550721182573,0.638513505874443,0.609836585752816,0.510226286277001,0.166967247958185,0.16153383567498,0.385288238896684,0.110637405158448,0.0942412646652415,0.0754007738223868,0.135037060254367,"N"
0.332536408611594,0.326022654951144,0.22558556070095,0.209522785198827,0.375089525114802,0.424882058790684,0.643650884507609,0.0626197988853174,0.284747749272935,0.0095994520976004,1,0.773954593855804,0.27028568271463,0.746225965306628,0.245858584834883,0.260776204971762,1,0.310111038194593,0.187886670446015,1,0.0152679899342968,0.31146936293841,0.658248349965525,0.122009706872356,0.903996293096649,0.799323913865591,0.225578466198893,0.770855164293982,0.194662682145421,0.454739137569334,0.227155723684909,0.187900583408408,0.120223844642923,0.0640579008573389,1,0.924829446295415,0.0599156655684345,0.166967247958185,0,0.0628584931858328,0.335701215603548,0.0250853639309099,0.240455967826825,0.425802236417494,"N"
0.261912578164685,0.526045375866235,0.21276354275858,0.341330706280573,0.449620987436241,0.318480971820675,0.0398861108596309,0.0514139954587007,0.314108687897165,0.0963105281490144,0.488189893253303,0.943579443560371,0.550690454962533,0.348002698443856,0.265673963604204,0.0815606940216569,0.580743981790424,1,0.520348680220484,0.423342517736382,0.231900246622279,0.865911928455923,0.315278147261428,0.0612452520733042,0.105212958937929,0.602870129882138,0.214354534564025,0.0614957288487692,0.408686522368623,0.387322927977853,0.451078525833544,0.122461176343894,0.326111349394679,0.145315331218649,0.011848405019224,0.184293193717277,0.0107087325417266,0.387873560845924,0.313761590491795,0.00762629644262962,0.292563023740982,0.0734561883377404,0.0188548335501036,0.0349339066378837,"N"
0.298451395853288,0.95801614650837,0.115806772475102,0.835583570828263,0.724467901208263,0.298144954151208,0.310792923224298,0.0233784233518833,1,0.0539021305814473,0.538286662824259,0.559938732113635,0.412445197473261,0.264378759605763,0.414936474885279,0.571830189547597,0.402682489321972,0.661690138330537,0.915220264846548,0.81280285499489,0.340991383908681,0.564721644313864,0.601258766111714,0.102163201723836,0.193343852428196,0.737395505765502,0.167182689278043,0.0619994115060152,0.163712412562275,0.102886622027966,0.347875841429939,0.291686075056115,0.28815911478104,0.0747280665197428,0.0135867608326665,0.0206424067904173,0.00424531894013112,0.0627493592950344,0.239315588506742,0.00778646290178946,0.0186478013076771,0.339355139991696,0.098191867122593,0.0225628302644765,"S"
0.294066668747294,0.453259779460537,0.157354344975222,1,0.232867539258739,0.192159174101326,5.30044422583438e-05,0.113491759240926,0.392875972695008,0.441333973179332,0.126136854272442,0.381566929954538,0.168868156522625,0.470944181209957,0.0884918527068427,0.0259600654836652,0.207640173244437,0.26103579017205,0.338266183927968,0.265103873034372,0.113123066399754,0.134579607576287,0.248500191298431,0.118269267060797,0.119072806443152,0.133246387719495,0.0899712266346358,0.0198936108674269,0.190568023160617,0.0667950274421831,0.0325304148779768,0.0531303731024142,0.106070162888179,0.044071816766183,0.0135213739744615,0.0144693003331747,0.0287838471477648,0.0167455516854081,0.174926674174415,0.0722555574545306,0.0116548758172982,0.0859453756685399,0.0834016571072157,0.0274291499465102,"S"
0.0570772784439401,0.257080557859543,0.240125362543228,0.262541379414474,0.0188327505895598,0.0435606953630058,0.0297710190223758,0.00101245416924695,0.159157995295996,0.0280576777701876,0.354564246984419,0.43431780647643,0.291272436942563,0.694037774797403,0.294034588039663,0.567158232467012,0.594460630899647,0.781991546227233,0.579548542241285,0.660783436730797,0.145074143568053,0.857775999241405,0.470715396295682,0.21285294208473,0.258541892501637,0.78370698989107,0.235048805961317,0.106728385576606,0.195099320569484,0.449024540262755,0.354667183149581,0.256867052340621,0.47069580907559,0.198274645687251,0.0487062449749756,0.196509598603839,0.0703296420114376,0.258074820846004,0.221090136127812,0.0701389496737694,0.0722602300672486,0.247441371225295,0.335097081081919,0.0816679395322624,"S"
0.204641868149542,0.318398688539008,0.058728364161204,0.25153850437609,0.379575403515983,0.194881562457346,0.10081248340037,0.0866217030293584,0.461600087066406,0.0365452310229763,0.344321801711315,0.2765500442156,0.375413801732664,0.636888228604042,0.469304589058141,0.460552666355466,0.625283410790699,0.501205522164014,0.479562255337858,0.50498398301982,0.404570356378606,0.359800856937788,0.351174536609127,0.37476196031471,0.255008377674941,0.685530721143133,0.326886302822477,0.179717595666258,0.124836333950926,0.328264529479122,0.394605858975648,0.510285578300557,0.64506038969403,0.443471382303501,0.0475827535540793,0.00520387117245756,0.210723713985694,0.197970547324279,0.146137987580199,0.313364561487079,0.057108891504761,0.271821704771996,0.336754845705137,0.203312687894827,"S"
0.0718197460310784,0.250681566375,0.0163157032795924,0.122920636626287,0.220794708086266,0.185516993212642,0.0731795484915054,0.00231839366633386,0.466152934561131,0.0138285443758065,0.232024585214189,0.501377238045402,0.158570968933589,0.298011040582328,0.107179054350351,0.170058317280192,0.26670749927229,0.61061792477415,0.511603683026721,0.252704465166124,0.446813050272038,0.188924098475385,0.154670833074064,0.0953196679968296,0.288985994104905,0.203434475030027,0.171786507706752,0.0135694354315954,0.296891240058993,0.0818014515277976,0.159032280999394,0.205554697971187,0.321501980798382,0.156116478704838,0.0161532010469881,0,0.0512742419709423,0.0519602442587346,0.231075255196146,0.134830513490422,0.100231932028764,0.289559775926298,0.0838976903620885,0.0667540750093074,"S"
0.290595247969873,0.630609470223996,0.192492603165803,0.415778258497756,0.322889939439095,0.590113039917609,0.0132661576786728,0.0221040791652098,0.817399374814833,0.0176464749047426,0.37831112611232,0.19852938806254,0,0.249574493995003,0.489076088085353,0.312089494342501,0,0.454873906096259,0.542011131641486,0.35729332467701,0.633128965253243,0.362663478819133,0.129550329109371,0.193868955507595,0.346293967890623,0.275316476178412,0.0631613755555946,0.0388156150424922,0.27405282033796,0.0813090469619408,0.229969084574895,0.181654678448929,0.319408371611949,0.0769491523367383,0.019644343126571,0.01713469776297,0.0124044397105114,0.074942321387169,0.0570553573442061,0.238510639794005,0.0163168261442174,0.0960230838147469,0.178832768711142,0.0768987402309405,"S"
0.786894262804021,0.463425556631881,0.403275741452938,0.551781574733546,0.736254801879718,1,0.102198533481812,0.0221040791652098,0.743304956134252,0.0347243718476376,0.54864945438987,0.482788419488388,0.767745402112694,0.495210978010188,0.831156543597169,0.259816303854726,0.411358696082644,0.774895479659027,0.951823488413847,0.64518428301114,0.4980295319197,0.832327887095808,0.286526922583888,0.170681745658671,0.93109476998307,0.751076495188711,0.122865868774901,0.0937736553229029,0.278883426343969,0.464752970281939,0.439398330093057,0.423296940038257,0.851371372565257,0.176515356939422,0.0825926526022333,0.00361732508329367,0.207800455428356,1,0.070473252604163,0.0722555574545306,0.0163168261442174,0.288433798994661,1,1,"S"
0.412285847690635,0.283888550246815,0.262516812499059,0.337587881621049,0.451349286101647,0.613811715948431,0.0334905512522755,0.00491974089036989,0.432039228253049,0.0169563105398965,0.28441081521928,0.269592399859456,0.28138604486901,0.236437517220151,0.3962937098334,0.222338082433152,0.115504748430226,0.312522370477276,0.149549093592591,0.22198400279664,0.144066945711722,0.43386583070156,0.134720631413065,0.0387082551305058,0.260791185878918,0.0885701037152375,0.165739302753702,0.118605895031965,0.679926428773064,0.213420201281545,0.122196425317143,0.163794721089437,0.115660590254619,0.180421760016694,0.00638975766360479,0.00679041726162145,0.00599628647396176,0.348701374891231,0.139502539781087,0.0732647109667993,0.0337991398701647,0.208940113765161,0.0956843185981661,0.0422032199820769,"S"
0.129823126104534,0.317451250810807,0.0293503752667065,0.245264775308946,0.252208486637217,0.197178344976486,0.315379326487599,0.0221040791652098,0.521658977816205,0.175885010980956,0.259084565248786,0.106779062758215,0.303127007530168,0.158040369442442,0.416202249527277,0.522464973471226,0.13615784570176,0.308102266519887,0.242369227245802,0.533785734821208,0.297512440933023,1,0.37003092680765,0.35690083481161,0.265280429714655,0.168133430850498,0.279024392584501,0.73864470836978,0.206566361117583,0.25603943638447,0.449092027939111,0.579084964844377,0.283324486728947,0.295025092919326,0.0412625143491261,0.0640964620022212,0.0552436115325513,0.0857265537345099,0.0758022687504611,0.224092763318434,0.012820363399028,0.254725168631856,0.234328707704517,0.102208900052828,"S"
0.158769601636107,0.196091513982524,0.106808680560147,0.0897696518148508,0.288384107762807,0.176595401471628,0.025695645776209,0.0156024664001427,0.218263992599355,0.187984913888045,0.0583184193764408,0.179673288082633,0.210348537028471,0.497105550462779,0.164813090953072,0.133701733739209,0.21019767717011,0.237757535845315,0.457908286244633,0.348601098161034,0.263797983094137,0.185831989739886,0.402542082781571,0.493432678087997,0.257449573458499,0.225498118849507,0.176067565427818,0.123853057389503,0.145925265577692,0.157506310657184,0.129375374388822,0.233927790373971,0.27949688674773,0.191793010865207,0.0200215777838031,0.0356655560844042,0.00146376444999737,0,0.0457354089611328,0.04270688531225,0.00932390065383853,0.0933018536699265,0.134890095792861,0.0640082169728166,"S"
0.296259032300291,1,0.766820379755584,0.142766284204074,0.660670173668413,0.427522924396024,0.326332124405536,0.517444824056248,0.386146465043443,0.118146153904891,0.287816104173981,0.0553944106753543,0.145348163282551,0.0467967530493546,0.256355866490428,0.280707302480621,0.171857085715304,0.396312567867313,0.299226835823132,0.186738268927471,0.257764209020226,0.523968643555567,0.15929472219004,0.203319345463779,0.385193754940856,0.178738884846221,0.22668757627181,0.169784730555974,0.093312682996396,0.369796672392063,0.125994372624444,0.366915427765413,0.387811918253271,0.387192268238546,0.009337796884842,0.0206424067904173,0.0216464611838434,0.0318778925308323,0.114181987251677,0.05111395169032,0.00582743790864908,0.312672205080603,0.035403842269155,0.0312227308779535,"S"
0.168484183533794,0.097391125894636,0.137633640185613,0.173303615583328,0.208368415951898,0.0607090121725751,0.065661495618091,0.0153497039168355,0.181885652786427,0.359307204199959,0.114102503816232,0.105470323971947,0.167791551608895,0.0819671437697404,0.259062712003053,0.0292007179534382,0.0307977184565028,0.203465303911662,0.169158821691574,0.19416340266859,0.0793489924883749,0.197275559262386,0.0901567165852228,0.0842557549846797,0.0989923518751869,0.0941000574192409,0.0847734677263283,0.100845445995991,0.557428223157447,0.158521777930709,0.0746739497295411,0.0313828076686893,0.235359070936327,0.061116075301203,0.0122451001657747,0.00520387117245756,0.005805870993309,0.0309358294822974,0.147587938789118,0.145020714799653,0.00466195032691927,0.0619203758330727,0.059356363339198,0.0256677394054173,"S"
0.411143060421247,0.245959036388889,0.149156382877588,0.410742921526865,0.110589463598504,0.100859897507166,0.0344640745147386,0.00651003818117734,0.206996753148599,0.0438433520725195,0.0583184193764408,0.163155564772362,0.444813977447413,0.348953238551564,0.552364263335697,0.348549300126891,0.383948293495759,0.417732938758668,0.475151162149592,0.599039067955876,0.570682698160687,0.807450510187803,0.196161604696574,0.479301269888109,0.396108347594181,0.250721670169456,0.190572924247198,0.265844483521288,0.109880294167532,0.175924222819787,0.175089669442762,0.454144610551246,0.764644550598332,0.822259751903731,0.0530954011446065,0.000317309217832778,0.0699955143369952,0.162654649925258,0.190190556663776,0.343051177681324,0.0372956026153541,0.469897214187138,0.128787882547476,0.0666378248566371,"S"
0.245966350917582,0.246741564249495,0.342340283234311,0.235522352237106,0.360291848437589,0.172091176434093,0.0376245403347901,0.0106841297457912,0.432039530566959,0.165708757686522,0.209400690332355,0.399342353387409,0.0857429473061586,0,0.139763994923092,0.025388069612555,0.0947192277761386,0.164212765087456,0.104201438320047,0.109997595366085,0.0410535101315946,0.566624095105841,0.0632160454041941,0.0273827129147037,0.0428130370745361,0,0.0749566160347136,0.0315423666931761,0.590673191985337,0.321689228269907,0.0136902295652145,0.0117962195546463,0.0170647920315614,0,0.00401357005233174,0.00774234491511978,0.032424732280457,0.647518092212096,0.242113315023338,0.0688639632854241,0.00349646274518945,0.0455156216065101,0.166602361194193,0.0394809062803041,"S"
0.277858026567384,0.21395845981513,0.16184384676466,0.218753713411499,0.403250328716976,0.219086498492387,0.137459461698608,0.0221040791652098,0.451099213379204,0.00776390857407343,0.0727246605072908,0.298073048684438,0.561380671594335,0.248247073072659,0.42643497197627,0.0330850301448399,0.654808255892469,0.261870282762833,0,0.0275602103188505,0,0.834842223314922,0.31745646658655,0.0702015488448856,0.440187436147168,0.147400323064135,0.247188719049439,0.0707088824486612,0.267581885843701,0.252416018881774,0,0.133503157586562,0.0188159247570644,0.318202967230886,0.00193891088660618,0.172298905283198,0.00481693422166624,0.645184906691074,1,0.00808989266381171,0,0.313855696971136,0.01320195193523,0.032558871873202,"S"
0.492508323482342,0.223300664892155,0.109464579242753,0.183559592435563,0.973732798634132,0.230652306088769,0.213433448705264,0.0221040791652098,0.35742875972695,0.0421546520308747,0,0.535764134754966,0.332358055091232,0.628048246275872,0.659550556729796,0.218244695888862,0.678131478844932,0.614170421355408,0.42527139914583,0.676749703280382,0.308014282755894,0.60759537078259,0.650716885236502,1,0.137721157779086,0.985657672218426,0.109801817248345,0.118950479516737,0.0721186999208299,0.24772585869807,1,0.273013569660436,0.295022647266991,0.857454019568413,0.0220156478276841,0.306647628113597,0.00407991897922319,0.24928509295826,0.202737172678665,0.0903720249326818,0.0233097516345963,0.14000285571786,0.0797535707256867,0.202672576294681,"S"
0.221779838600074,0.184974634419255,0.0735951837175412,0.322904243691563,0.179234177080333,0.170882604757355,0.112360303539964,0.00227275599573674,0.328924185717482,0.0308917569705132,0.00191150802361278,0.243958365344425,0.388714173203609,0.314058207545735,0.811352747297846,0.238185655395499,0.0633905781877155,0.677690626701632,0.305524681453249,0.282267669414268,0.206393980659291,0.446772080729515,0.317404475881612,0.076265341764942,0.318068035708063,0.317161325875921,0.228887083334,0.0999399404398912,0.154670358530618,0.563925499001756,0.582032932323577,0.326442526431825,0.417471200651007,0.383854876603984,0.00425562805292305,0.0288434079009995,0.000804426822436964,0.454134609224346,0.144698198279714,0.00264384333862211,0.00582743790864908,0.0885990758118694,0.0136333887690586,0.0272599250407243,"S"
0.0721802397271953,0.132852366578755,0.0896088421497742,0.170147779561305,0.124414907838963,0.0851236490426971,0.00810682035643647,0.0221040791652098,0.0882338216710704,0.0155906661583924,0.0644882345933048,0.631199182951582,0.836538484454878,0.257603120992896,0.34518082657963,0.655106213716066,0.129537914175787,0.4073884557251,0.0659563188393914,0.199774035620476,0.173059183071546,0.891751146316059,0.230704229057109,0,0.161861253872439,0.218428894915392,0.371685904889553,0.138764433591234,0.267581885843701,0.145537050786095,0.5536028360796,0.321118348040868,0.186935048138042,0.316178790917413,0.0030897244148336,0.00126923687133111,0.0114183552982629,0.28612897608089,0.750803417185318,0.008995595209952,0.0139858509807578,0.172025239051913,0.0734956464762118,0.0489501433997136,"S"
0.394312677879022,0.234434157597642,0.196987095369902,0.14942561980392,0.352568116412205,0.272872901440607,0.151362923632107,0.058740596884562,0.320543741799735,0.0105979877743991,0.119312894227039,0.930483191087682,0.313952422686052,0.236437598567186,0,0.0606920492573916,0.128443564867161,0.425504258993328,0.00233801227958318,0,0.000511443148230658,0.0734862470400937,0.100330713786226,0.00589480618851714,0.0521788833068293,0.0222437146272973,0.0808150107720187,0,0.545360804776261,0,0.0483030839423664,0,0,0.0606125790352648,0,0.0206424067904173,0.000640776800410274,0.0754385801377244,0.407423343713328,0.000436337594765931,0,0.026966417845318,0.0285725839138833,0,"S"
0.430933385493656,0.16879196803436,0.128630557855998,0.287312947006505,0.452672745668256,0.28790435656587,0.116348181927973,0.0252460572563194,0.278425670078783,0.101640946541337,0.324394778959639,0.623636058869606,0.356488824996994,0.438524865877042,0.221992515608353,0.166477097153827,0.378921464765974,0.420872220409708,0.259813699807593,0.390296079938086,0.114713874228913,0.533050311474134,0.332606375581838,0.170681745658671,0.224615461510384,0.298332021906226,0.148025769675528,0.148393258093387,0.34869568942801,0.122283854309993,0.424017109313772,0.105613386505669,0.165502081718481,0.301328077560263,0.0209458455054099,0.0123115976519118,0.0872776156563909,0.177987772859085,0.333714706508772,0.275848895377251,0.031468164706705,0.156887359099081,0.108147679585801,0.0728594153058777,"S"
0.152683322031745,0.31650601188084,0.102033519118154,0.23913370006969,0.243673272165284,0.28127086151059,0.0978189297484555,0.0330606306985653,0.382142317296588,0.0216406176119373,0.418701479302203,0.318072146105965,0.201741764319073,0.264378759605763,1,0.732108034898323,0.982596968568877,0.942887361641388,0.842286665922107,0.615037049224265,0.408326168945674,0.531225390024777,0.30820066171945,0.595849788809476,0.579433037294639,1,0.602875417245786,0.133766766095075,0.324385375664568,0.568297831986073,0.322708658688967,0.612610350476618,1,0.472424480109774,0.0695508928004468,0.0206424067904173,0.389909340953264,0.135124569971966,0.267724804383263,0.072642041276758,0.0384610901970839,0.419388779089049,0.888621968064601,0.375867645522383,"S"
0,0.0913358798674369,0.0732324221584724,0.305764508825713,0,0.303046245858719,0.00270694365699271,0.00272562211166204,0.0208081757774002,0.215180326732621,0.235064839236869,0.187718593224,0.292486623687691,0.300898534948029,0.494843378555268,0.589015049408609,0.104992250138116,0.446431363560317,0.423309436731024,0.44306697846424,0.304471832974591,0.540391147461108,0.213734462965479,0.126978517240078,0.539856318518559,0.322862104133168,0.15006645543807,0.151303416009324,0.366795643240585,0.169064296241618,0.39132423113918,0.247603179462855,0.349616437228362,0.374354811998741,0.0194120762713461,0.00133269871489767,0.0102632317079483,0.185108360924225,0.0871081575067967,0.0461756560074384,0.0594398666682207,0.29867718455978,0.114060318916571,0.100135527076721,"S"
0.210019009922978,0.625624061693392,0.233474803271616,0.502320012047631,0.182028185461671,0.0871871548932263,0.0262116795842507,0.00718407146999639,0.557174211414164,0.00277123019008008,0.789019938825052,0,0.570934483965217,0.49900500373749,0.390220876032322,0.369328529444638,0.200039132965947,0.235298978999179,0.452648394790154,0.326915710385616,0.205917052079346,0.341513474152463,0.463834745738363,0.37449947331039,0.222567585413766,0.243024163237077,0.322894498193468,0.148393181160034,0.267253233266449,0.262382726415699,0.173319244463949,0.450648191728867,0.654083684732853,0.520595969724709,0.0111923512474452,0.387910518800571,0,0.093759316873345,0.138571820331891,0,0.0104893882355684,0.683372711526999,0.0305476732008909,0.0495770113115813,"S"
0.825871531061789,0.551859755762378,0.31022659060942,0.240349345988574,0.914781971119645,0.175357049794642,0.298137478225915,0.0305505588157235,0.840988929264591,0.0592178646255814,0.191595293725804,0.234872945962412,0.404597833140322,0.264378759605763,0.732131436755844,0.474037962116779,0.333636999538622,0.46988210272552,0.283712375574854,0.270489092126381,0.315946358085508,0.35270274743117,0.203990127895492,0.2066742038752,0.367647409478007,0.229342711501139,0.288739441902273,0.203229043583721,0.501981598976951,0.240903685814185,0.268046460580177,0.448779912989986,0.604863769334317,0.482832051237721,0.0200215657242572,3.17309217832778e-05,0.0427655637371551,0.28335812407682,0.394601103332688,0.187819560298423,0.00349646274518945,0.572827815950987,0.0502848982996668,0.0275851311640172,"S"
0.296259032300291,0,0,0.313448108714178,0.338700573029468,0,0.000228137124029001,0.0221040791652098,0,0.0429990020516971,0.216709938670786,0.566911956693425,0.207352286404207,0.483918789302312,0.256355588065668,0.183204360317951,0.618594173569184,0.183254342572166,0.264060235836987,0.293050374612164,0.155177499011628,0.223273414085114,0.192552902503327,0.117645645975371,0.175054200392884,0.193909677037574,0.196142865596875,0.0656998288163672,0.421784501331336,0.0613554162634641,0.150310747829669,0.124540235941979,0.162071764089369,0.0952702288724171,0.0127906016678123,0.0144058384896081,0.11127411361477,0.251853683271212,0.257969929103288,0.218999018292427,0.0244752392163262,0.122421591516172,0.407747970547605,0.174866716992682,"S"
1,0.351942821473464,0.134088075329311,0.24464533415115,0.608375220547956,0.303753520864613,0.166503322677999,0.0568694523900799,0.227894504537732,1,0.224019187009217,0.132028695548461,0.332358055091232,0.264378759605763,0.851369067443553,0.090329982445644,0.390707145813243,0,0.299226835823132,0.338505644935711,0.260781096057181,0.518570215790998,0.286526922583888,0.0037477311172339,0.900874153290817,0.278545730588182,1,0.104531169036061,0,0.736341801170115,0.318997827012547,0.279750507436654,0.192153075992714,0.332298193540325,0.00781267072736904,0.0206424067904173,0.032424732280457,0.2137867605445,0.211913654403238,0.057408653994577,0,0.186018542708291,0.0565245482543235,0.0728594153058777,"S"
0.311000526331923,0.334842767602907,0.136107197101168,0.218753811455367,0.266525202093066,0.452010770433423,0.0334905512522755,0.00681545951517347,0.224982012322315,0.334152915753545,0.233035679934249,0.735153389988041,0.807972379634856,0.00532188574467232,0.421295250914444,0.629730635967363,0.638800806025239,0.512112380639196,0.0333250866257724,0.23360322858231,0.321845211574304,0.766461343124295,0.534070904485577,0.054051735673871,0.107470506182146,0.228777534190338,0.788301443786377,1,0.267581885843701,0.249543792792624,0.639433633988498,0.67114330216762,0.461024017897141,0.295025092919326,0.00947667341018388,0.0139933365064255,0.0565857367883241,0.795424950037515,0.211913654403238,0.0302259309924108,0.0594398666682207,0.816720428369125,0,0.0594185432237197,"S"
0.203976735027509,0.220396541046066,0.130105266975124,0.229029593168931,0.115625122431179,0.396902879974191,0.0498387939405665,0.357060007217773,0.281708799148684,0.0994382943131044,0.0926992641869693,0.215222254576556,0.295992685413184,0.532003428614845,0.418742931143385,0.625426202670629,0.26670749927229,0.569454230903351,0.40139392919801,0.484655147461923,0.686375531053698,0.0852154823711693,0.413044752449542,0.15738755091047,0.299123232984653,0.347539201807828,0.264395879283017,0.116557313727987,0.21567121126668,0.11398875183569,0.765634926666781,0.289509133589202,0.367773121959646,0.340589988431718,0.0187757784477619,6.34618435665556e-05,0.0309352515155188,0.119833171834697,0.169509959366287,0.00084373711609097,0.0850805934662766,0.28618413428398,0.0618911189607024,0.0625837847223755,"S"
0.979589826044546,0.237735286680535,0.45791371223722,0.611512252150004,0.642801923020086,0.45217121018476,0.140529644834138,0.0375801643236989,0.171649303771064,0.0321745816282358,0.207489368171742,0.172988834889386,0.804130704906471,0.14843605037041,0.485957173928551,0.832256622331508,0.784313683023471,0.613818540766748,0.0855895147118907,0.641431474351155,0.289313662121203,0.974918064903391,0.305625571225068,0.579867075208531,0.136869633840121,0.361846162665658,0.355846399170866,0.38099555558332,0.157435559152475,0.708900274111902,0.283286792665616,0.876062748839454,0.407573546427652,1,0.0926920640825218,0.0434208789465334,0.2974101945505,0.326829147759193,0.267785219016968,1,0.0163168261442174,0.527761268854391,0.195093796729904,0.193132264714841,"S"
0.656451176552956,0.170514604295719,0.214369624543658,0.431597146374397,0.513438733547827,0.406063332133861,0,0.0690392638433097,0.300304732421958,0.230356894272106,0.0829814172313959,0.184726115785775,0.459763380916425,0.196659386378162,0.476773611658602,1,0.477701573140281,0.46969291651705,0.0255903007409313,0.432861122114024,0.436235903936543,0.788815438119806,0.174796161320116,0.132170527341539,0.248228399171679,0.618911919254308,0.130014506638346,0.241547699943955,0.346594660452003,0.572847741211867,0.629590221474739,0.428275995212379,0.68886538647026,0.810491284964934,0.0263802025235529,0.160818086625416,0.0379539612964829,0.328989811603666,0.122242607907635,0.234596055895839,0.0163168261442174,0.361589965270694,0.0718250373007257,0.164342399373721,"S"
0.344303412412187,0.40118148758473,0.273594243856113,0.223746303255958,0.346373957917354,0.408544874737874,0.0383817997542209,0.00804346391324068,0.29815195506406,0.0555179962560786,0.188219556988105,0.510457016311957,0.230220553425625,0.411208124681577,0.392492432275822,0.290691589030829,0.424316385945597,0.546000900146252,0.00204300540182907,0.338505644935711,0.171462099866334,0.280008373169003,0.206592946765842,0.14757971541605,0.230987389466965,0.463891988952575,0.074755410400316,0.0825913925719171,0.134505175397772,0.489542635012666,0.212595073308702,0.148852346925813,0.524398218639532,0.164573760079783,0.0170475490350636,0.0163976741234333,0.043940604664619,0.2137867605445,0.229926402726176,0.120843373270088,0.0163168261442174,0.087718896639896,0.0787751077644799,0.0703756940060538,"S"
0.314401962376363,0.429025846873248,0.822142453216318,0.283907491296646,0.400113083451154,0.373434006278617,0.0856755155253871,0.014941071235489,0.296277306503981,0.0306086427374444,0.29610429293347,0.445358275301477,0.660668387703434,0.295991925818662,0.38735978320289,0.124127048830038,0.553141132138239,0.30118098842739,0.0284468999212557,0.364704097036029,0.0140756684844339,0.432948002560854,0.16930813196102,0.169885191958633,0.285527738495485,0.544877621197593,0.197362174940142,0.161968301966362,0.919390325994013,0.514140211088937,0.404103996123109,0.286487445212873,0.418163275924364,0.288722108278389,0.0285235335678035,0.133781881643662,0.0781568276537489,0.542526371329087,0.283882517202162,0.0632306427090354,0.0163168261442174,0.274029306303783,0.239972312049593,0.151826378189706,"S"
0.296259032300291,0.217938773241603,0.300451990173208,0.24464533415115,0.331027188141582,0.526503455720862,0.0696283580842872,0.00746632290968937,0.750673253079067,0.0141844929758889,0.374477330011094,1,0.436522667960875,0.513695464845838,0.72248234828788,0.211647676842057,0.234365253886564,0.0345998826872735,0.299226835823132,0.0602109022816556,0.260781096057181,0.532033484326698,0,0.415086140343052,0.433781518307994,0.025349531538512,0.110646305125626,0.165079717531812,1,0.895889127413992,0.924914498378227,0.199184462068442,0.209614908940736,0.0754993257396391,0.0601341963361495,0.365680152308425,0.228210562252412,0.126902269725361,0.307348312635985,0.254877910208505,0.0163168261442174,0.654822686532314,0.619557790206647,0.10206083561787,"S"
0.647377082915052,0.366285826668735,1,0.30236307291444,0.219859076128309,0.371180156593168,0.271310153653194,0.312151837232195,0.441731109915292,0.0174438308997453,0.368003535857712,0.221774544493358,0.499106368088815,0.229977342410252,0.473263789139352,0.910518806829762,0.824592049349615,0.627961433657119,0.44030293219934,0.511719172029222,0.0599643558640252,0.531225390024777,0.640147266134453,0.494781054957573,0.598328660727551,0.918031953206555,0.415696118714523,0.323471180231557,0.300318792999935,0.844381896182508,0.556967052149247,1,0.335559209013372,0.295025092919326,0.10110252409131,0.186126384261463,0.0698938375603128,0.241018700550753,0.245855403003192,0.603778284895624,0.0163168261442174,0.498617781049994,0.433270913285441,0.304591292422109,"S"
0.70331925127017,0.490175158710478,0.700356373828303,0.236623875093681,0.0286180518372753,0.257553697062948,0.0739220395794857,0.0221040791652098,0.5527788694669,0.0221052303886125,0.491845167943019,0.354977935179823,0.921056195136536,0.185184898964135,0.36243770454823,0.179245096943438,0.558061836521725,0.130875909108841,0.299226835823132,0.226557743960912,0.00348597139683596,0.639199909111755,0.30962940277584,0.466634813668539,0.254540257318887,0.31445448484955,0.420192536838385,0.41059358566483,0.510344633308821,0.509111017375442,0.347875841429939,0.407128641127729,0.529031972235867,0.576813329669336,0.0525371044643034,0.0657450420434714,0.106754476386689,0.647567658903043,0.374104255612366,0.0352776279554067,0.0163168261442174,0.685297602713561,0.182759698645552,0.103444065282554,"S"
0.361577013052709,0.507162340938325,0.413350972785689,0.120619645089041,0.338700573029468,0.219625640580214,0.0747725410683458,0.273775471086078,0.213114982072785,0,0.216709938670786,0.520924508981193,0.718090927507375,0.348930461381674,0.549332217703883,0.467196365525086,0.464894561285046,0.272292513553306,0.139234950583372,0.229716559873335,0.00922794048433352,0.531225390024777,0.45041950205273,0.392674210737606,0.268717305515968,0.278545730588182,0.405946122313193,0.483258444741354,0.997469962034759,0.370623156988817,0.614813743348852,0.591799461088271,0.65603967560224,0.976531493084812,0.0150792984790868,0.045458860859908,0.0125398898977799,0.39380780345431,0.612152668057781,0.00278314537680991,0.0163168261442174,0.667714907791503,0.0745858570421534,0.0878956662237389,"S"
0.296259032300291,0.274860284695509,0.309094764564296,0.395227871597044,0.482024439497175,0.270010547083421,0.152382481770922,0.0273615388179984,0.768429660622404,0.077714269603458,0.164322872282195,0.298073048684438,0.990559069730155,0.396843295755613,0.845595651628927,0.259816303854726,0.671247009954278,0.804623630307688,0.0383668126098285,0.954873425809265,0.45316373083657,0.57067649420662,0.661425693488963,0.576667221377765,0.570983141018234,0.82131659268122,0.942813935969266,0.824334999450734,0.227562976582917,0.414167571807024,0.731462472040868,0.279750507436654,0.335559209013372,0.295025092919326,0.0847697986133608,0.0206424067904173,0.254161868985871,0.378735978359923,0.449515499694447,0.865180259395427,0.0163168261442174,1,0.162203393963921,0.199061463957302,"S"
0.394257880611943,0.385265853029883,0.142137988458668,0.431773429248996,0.529775950083133,0.246717871722649,0.126223163284384,0.00283655675711351,0.392086026446421,0.234526661783631,0.249610756412227,0.697249929351744,0.514481516910107,0.131380505557182,0.445079964426225,0.20088692233348,0.426756627109616,0.476196372404845,0.141949295471992,0.239729734347043,0.237808513175152,0.655348674799892,0.312730785143012,0.0638142106689816,0.232769250310437,0.373887559996634,0.256157724105171,0.168406084883476,0.349679475705239,0.391494256009702,0.464485016683542,0.398633685460031,0.556396046684479,0.455191562130529,0.00560575452108007,0.0319414881802316,0.0177048570459355,0.369876857104852,0.246824125205848,0.0314704216311038,0.0163168261442174,0.146183281574639,0.0893514872552353,0.104192510252822,"S"
0.233847754499787,0.286121552009518,0.128677592514178,0.220229469712092,0.237621735254475,0.27506322045886,0.0488610174558318,0.00938872201884204,0.359197900732204,0.0230156599762818,0.14270338105242,0.377483030987453,0.116289580505413,0.154157838140713,0.221897182970673,0.0879926889723141,0.562072903651222,0.531755783353284,0.00843655996369564,0.325701575207252,0.114277735593305,0.533221472407456,0.30225712081569,0.194085550176192,0.161453203325758,0.488152774015066,0.0382898480721525,0.0321562871508754,0.100178000583358,0.369014903163715,0.253738559944298,0.0869095616177526,0.283573889749137,0.124531490658324,0.00674812757308879,0.0299020656830081,0.00221191454944348,0.228189213370696,0.121132593416475,0.0542678393299562,0.0163168261442174,0,0.0683401935016619,0.0408272890611549,"S"
0.0750428267067304,0.158278536431033,0.219854381363662,0.0986255622325608,0.42467896396932,0.303920412949337,0.0104319819154419,0,0.138975518619514,0.671660324007206,0.0797526051952054,0.24708085706273,0.104627407817465,0.161638023426482,0.177540944727507,0.147026607670004,0.141198288050312,0.630136067213224,0.545810648997035,0.306344227309323,0.349667091300446,0.271648205240447,0.0659878614291194,0.0354314051118057,0.102092022821025,0.201383655765641,0.030879067096801,0.0140543463508899,0.217638842509098,0.406670518168249,0.354509427039025,0.156330670522594,0.307812096915648,0.0561961281743771,0.00549057982737158,0.0207765413295256,0.00971536559694419,0.148426938179683,0.0991302520014088,0.0476607058897169,0.0163168261442174,0.0387310311516469,0.17848584903124,0.065433414414136,"S"
0.33814603543998,0.318682089200358,0.0600677082826494,0.223597276576653,0.243491386687323,0.270010547083421,0.0750171549610067,0.0262858940279246,0.230937294048648,0.275878373655574,0.13000689365867,0.290399788538758,0.209954207999896,0.164880028172105,0.241952730937607,0.346459214064524,0.395823700666721,0.96723277592031,0.793175684559195,0.411381281619911,1,0.385689097197642,0.221402635884959,0.53607506442083,0.132626630367994,0.271034535685457,0.109721846805421,0.0495472099092743,0.171798439721889,0.433313567980219,0.339043411533096,0.224094010968993,0.319447363468445,0.164413369221091,0.0202499976438662,0.0205082722513089,0.031769783843861,0.201900076214336,0.102419508636926,0.219740252439369,0.0163168261442174,0.105187420076383,0.13069634947724,0.0756054204944605,"S"
0.169100193826557,0.434858769967836,0.162104720691066,0.178009427113992,0.456900530552293,0.238073358067278,0.0230504203059268,0.0227177303052388,0.410642658911307,0.132613173739921,0.122563731028731,0.179907528686415,0.100140290135166,0.0655493597134176,0.306872920758699,0.272533021255893,0.12916168325713,0.473196460806924,0.937154433500671,0.37807155181645,0.792849836526454,0.531225390024777,0.0742688861845209,0.254586488610123,0.0751601135548671,0.304037654447125,0.039092191526012,0.125560593142913,0.267581885843701,0.312802276392466,0.413582519995326,0.238360344084194,0.363535805690662,0.117771173686193,0.00916090987658303,0.0280126352530541,0.0442218653330477,0.175970038636866,0.137269982418506,0.128184396886634,0.0163168261442174,0.0892972673527066,0.29896126864802,0.102795580728373,"S"
