ID,NumberAtts,Atts,ROC,Sens,Spec
6,4,HNRNPA1 RNU12 RBM25 RBM17,0.928571428571429,0.857142857142857,0.923076923076923
7,4,HNRNPA1 RNU12 RBM25 RBM3,0.93956043956044,0.857142857142857,0.923076923076923
9,4,HNRNPA1 RNU12 RBM25 RBM5,0.945054945054945,0.857142857142857,0.923076923076923
10,5,HNRNPA1 RNU12 RBM25 RBM5 KHDRBS1,0.93956043956044,0.857142857142857,0.923076923076923
11,5,HNRNPA1 RNU12 RBM25 RBM5 SRPK1,0.934065934065934,0.857142857142857,0.923076923076923
12,5,HNRNPA1 RNU12 RBM25 RBM5 PTBP1,0.950549450549451,0.857142857142857,0.923076923076923
13,6,HNRNPA1 RNU12 RBM25 RBM5 PTBP1 RNU4ATAC,0.93956043956044,0.857142857142857,0.923076923076923
15,6,HNRNPA1 RNU12 RBM25 RBM5 PTBP1 TCERG1,0.950549450549451,0.857142857142857,0.923076923076923
16,6,HNRNPA1 RNU12 RBM25 RBM5 PTBP1 U2AF1,0.93956043956044,0.857142857142857,0.923076923076923
17,6,HNRNPA1 RNU12 RBM25 RBM5 PTBP1 HNRNPA3,0.93956043956044,0.928571428571429,0.923076923076923
18,6,HNRNPA1 RNU12 RBM25 RBM5 PTBP1 RNU11,0.945054945054945,0.928571428571429,0.923076923076923
19,6,HNRNPA1 RNU12 RBM25 RBM5 PTBP1 SC35,0.950549450549451,0.928571428571429,0.923076923076923
20,6,HNRNPA1 RNU12 RBM25 RBM5 PTBP1 HNRNPG,0.956043956043956,0.857142857142857,0.923076923076923
21,7,HNRNPA1 RNU12 RBM25 RBM5 PTBP1 HNRNPG CUGBP,0.93956043956044,0.928571428571429,0.923076923076923
22,7,HNRNPA1 RNU12 RBM25 RBM5 PTBP1 HNRNPG EIF4A3,0.950549450549451,0.928571428571429,0.923076923076923
23,7,HNRNPA1 RNU12 RBM25 RBM5 PTBP1 HNRNPG HNRNPK,0.93956043956044,0.857142857142857,0.923076923076923
24,7,HNRNPA1 RNU12 RBM25 RBM5 PTBP1 HNRNPG PRP19,0.945054945054945,0.857142857142857,0.923076923076923
26,7,HNRNPA1 RNU12 RBM25 RBM5 PTBP1 HNRNPG RNU6ATAC,0.945054945054945,0.928571428571429,0.923076923076923
27,7,HNRNPA1 RNU12 RBM25 RBM5 PTBP1 HNRNPG TRA2A,0.945054945054945,0.928571428571429,0.923076923076923
28,7,HNRNPA1 RNU12 RBM25 RBM5 PTBP1 HNRNPG SF3B2,0.945054945054945,0.928571428571429,0.923076923076923
29,7,HNRNPA1 RNU12 RBM25 RBM5 PTBP1 HNRNPG SF3BTV1,0.93956043956044,0.928571428571429,0.923076923076923
30,7,HNRNPA1 RNU12 RBM25 RBM5 PTBP1 HNRNPG SF3BTV2,0.945054945054945,0.928571428571429,0.923076923076923
38,5,RNU12 MAGOH SRSF3 RBM5 KHDRBS1,0.945054945054945,0.928571428571429,0.923076923076923
40,5,RNU12 MAGOH SRSF3 RBM5 PTBP1,0.93956043956044,0.928571428571429,0.923076923076923
45,5,RNU12 MAGOH SRSF3 RBM5 HNRNPA3,0.934065934065934,0.928571428571429,0.923076923076923
51,6,RNU12 MAGOH SRSF3 RBM5 RNU11 HNRNPK,0.967032967032967,0.928571428571429,0.923076923076923
57,7,RNU12 MAGOH SRSF3 RBM5 RNU11 HNRNPK SF3BTV1,0.956043956043956,0.928571428571429,0.923076923076923
102,9,SRSF3 RBM25 RBM3 RBM5 PTBP1 RNU4ATAC RNU11 SC35 EIF4A3,0.923076923076923,0.928571428571429,0.923076923076923
103,9,SRSF3 RBM25 RBM3 RBM5 PTBP1 RNU4ATAC RNU11 SC35 HNRNPK,0.93956043956044,0.928571428571429,0.923076923076923
105,10,SRSF3 RBM25 RBM3 RBM5 PTBP1 RNU4ATAC RNU11 SC35 HNRNPK MBNL1,0.934065934065934,0.928571428571429,0.923076923076923
107,10,SRSF3 RBM25 RBM3 RBM5 PTBP1 RNU4ATAC RNU11 SC35 HNRNPK TRA2A,0.923076923076923,0.928571428571429,0.923076923076923
109,10,SRSF3 RBM25 RBM3 RBM5 PTBP1 RNU4ATAC RNU11 SC35 HNRNPK SF3BTV1,0.917582417582418,0.857142857142857,0.923076923076923
110,10,SRSF3 RBM25 RBM3 RBM5 PTBP1 RNU4ATAC RNU11 SC35 HNRNPK SF3BTV2,0.923076923076923,0.928571428571429,0.923076923076923
119,5,RBM25 RBM5 KHDRBS1 RNU4ATAC HNRNPA3,0.93956043956044,0.928571428571429,0.923076923076923
120,6,RBM25 RBM5 KHDRBS1 RNU4ATAC HNRNPA3 RNU11,0.956043956043956,0.928571428571429,0.923076923076923
121,7,RBM25 RBM5 KHDRBS1 RNU4ATAC HNRNPA3 RNU11 SC35,0.928571428571429,0.857142857142857,0.923076923076923
122,7,RBM25 RBM5 KHDRBS1 RNU4ATAC HNRNPA3 RNU11 HNRNPG,0.936813186813187,0.857142857142857,0.923076923076923
123,7,RBM25 RBM5 KHDRBS1 RNU4ATAC HNRNPA3 RNU11 CUGBP,0.931318681318681,0.857142857142857,0.923076923076923
124,7,RBM25 RBM5 KHDRBS1 RNU4ATAC HNRNPA3 RNU11 EIF4A3,0.93956043956044,0.928571428571429,0.923076923076923
125,7,RBM25 RBM5 KHDRBS1 RNU4ATAC HNRNPA3 RNU11 HNRNPK,0.961538461538462,0.857142857142857,0.923076923076923
126,8,RBM25 RBM5 KHDRBS1 RNU4ATAC HNRNPA3 RNU11 HNRNPK PRP19,0.950549450549451,0.857142857142857,0.923076923076923
127,8,RBM25 RBM5 KHDRBS1 RNU4ATAC HNRNPA3 RNU11 HNRNPK MBNL1,0.93956043956044,0.857142857142857,0.923076923076923
128,8,RBM25 RBM5 KHDRBS1 RNU4ATAC HNRNPA3 RNU11 HNRNPK RNU6ATAC,0.956043956043956,0.857142857142857,0.923076923076923
129,8,RBM25 RBM5 KHDRBS1 RNU4ATAC HNRNPA3 RNU11 HNRNPK TRA2A,0.956043956043956,0.857142857142857,0.923076923076923
130,8,RBM25 RBM5 KHDRBS1 RNU4ATAC HNRNPA3 RNU11 HNRNPK SF3B2,0.950549450549451,0.857142857142857,0.923076923076923
131,8,RBM25 RBM5 KHDRBS1 RNU4ATAC HNRNPA3 RNU11 HNRNPK SF3BTV1,0.945054945054945,0.857142857142857,0.923076923076923
132,8,RBM25 RBM5 KHDRBS1 RNU4ATAC HNRNPA3 RNU11 HNRNPK SF3BTV2,0.967032967032967,0.857142857142857,0.923076923076923
334,4,HNRNPA3 RNU11 EIF4A3 HNRNPK,0.840659340659341,0.714285714285714,0.923076923076923
335,4,HNRNPA3 RNU11 EIF4A3 PRP19,0.862637362637363,0.785714285714286,0.923076923076923
337,4,HNRNPA3 RNU11 EIF4A3 RNU6ATAC,0.876373626373626,0.642857142857143,0.923076923076923
352,1,HNRNPG,0.89010989010989,0.928571428571429,0.923076923076923
2,2,HNRNPA1 RNU12,0.936813186813187,0.857142857142857,0.846153846153846
3,3,HNRNPA1 RNU12 MAGOH,0.934065934065934,0.857142857142857,0.846153846153846
4,3,HNRNPA1 RNU12 SRSF3,0.928571428571429,0.857142857142857,0.846153846153846
5,3,HNRNPA1 RNU12 RBM25,0.942307692307692,0.857142857142857,0.846153846153846
8,4,HNRNPA1 RNU12 RBM25 SRSF10,0.925824175824176,0.857142857142857,0.846153846153846
14,6,HNRNPA1 RNU12 RBM25 RBM5 PTBP1 TRA2B,0.945054945054945,0.928571428571429,0.846153846153846
25,7,HNRNPA1 RNU12 RBM25 RBM5 PTBP1 HNRNPG MBNL1,0.93956043956044,0.928571428571429,0.846153846153846
32,3,RNU12 MAGOH SRSF3,0.93956043956044,0.928571428571429,0.846153846153846
33,4,RNU12 MAGOH SRSF3 RBM25,0.928571428571429,0.928571428571429,0.846153846153846
34,4,RNU12 MAGOH SRSF3 RBM17,0.917582417582418,0.857142857142857,0.846153846153846
35,4,RNU12 MAGOH SRSF3 RBM3,0.917582417582418,0.857142857142857,0.846153846153846
36,4,RNU12 MAGOH SRSF3 SRSF10,0.928571428571429,0.928571428571429,0.846153846153846
37,4,RNU12 MAGOH SRSF3 RBM5,0.956043956043956,0.928571428571429,0.846153846153846
39,5,RNU12 MAGOH SRSF3 RBM5 SRPK1,0.936813186813187,0.928571428571429,0.846153846153846
41,5,RNU12 MAGOH SRSF3 RBM5 RNU4ATAC,0.956043956043956,0.928571428571429,0.846153846153846
42,5,RNU12 MAGOH SRSF3 RBM5 TRA2B,0.950549450549451,0.928571428571429,0.846153846153846
43,5,RNU12 MAGOH SRSF3 RBM5 TCERG1,0.947802197802198,0.928571428571429,0.846153846153846
44,5,RNU12 MAGOH SRSF3 RBM5 U2AF1,0.931318681318681,0.928571428571429,0.846153846153846
46,5,RNU12 MAGOH SRSF3 RBM5 RNU11,0.961538461538462,0.928571428571429,0.846153846153846
48,6,RNU12 MAGOH SRSF3 RBM5 RNU11 HNRNPG,0.950549450549451,0.928571428571429,0.846153846153846
49,6,RNU12 MAGOH SRSF3 RBM5 RNU11 CUGBP,0.961538461538462,0.928571428571429,0.846153846153846
50,6,RNU12 MAGOH SRSF3 RBM5 RNU11 EIF4A3,0.956043956043956,0.928571428571429,0.846153846153846
52,7,RNU12 MAGOH SRSF3 RBM5 RNU11 HNRNPK PRP19,0.967032967032967,0.928571428571429,0.846153846153846
54,7,RNU12 MAGOH SRSF3 RBM5 RNU11 HNRNPK RNU6ATAC,0.961538461538462,0.928571428571429,0.846153846153846
55,7,RNU12 MAGOH SRSF3 RBM5 RNU11 HNRNPK TRA2A,0.958791208791209,0.928571428571429,0.846153846153846
56,7,RNU12 MAGOH SRSF3 RBM5 RNU11 HNRNPK SF3B2,0.961538461538462,0.928571428571429,0.846153846153846
58,7,RNU12 MAGOH SRSF3 RBM5 RNU11 HNRNPK SF3BTV2,0.967032967032967,0.928571428571429,0.846153846153846
62,3,MAGOH SRSF3 RBM17,0.876373626373626,0.857142857142857,0.846153846153846
63,3,MAGOH SRSF3 RBM3,0.901098901098901,0.785714285714286,0.846153846153846
67,4,MAGOH SRSF3 RBM5 SRPK1,0.912087912087912,0.928571428571429,0.846153846153846
69,4,MAGOH SRSF3 RBM5 RNU4ATAC,0.928571428571429,0.928571428571429,0.846153846153846
70,5,MAGOH SRSF3 RBM5 RNU4ATAC TRA2B,0.934065934065934,0.928571428571429,0.846153846153846
73,6,MAGOH SRSF3 RBM5 RNU4ATAC TRA2B HNRNPA3,0.923076923076923,1,0.846153846153846
74,6,MAGOH SRSF3 RBM5 RNU4ATAC TRA2B RNU11,0.945054945054945,1,0.846153846153846
75,7,MAGOH SRSF3 RBM5 RNU4ATAC TRA2B RNU11 SC35,0.923076923076923,0.928571428571429,0.846153846153846
79,8,MAGOH SRSF3 RBM5 RNU4ATAC TRA2B RNU11 CUGBP HNRNPK,0.945054945054945,0.928571428571429,0.846153846153846
82,8,MAGOH SRSF3 RBM5 RNU4ATAC TRA2B RNU11 CUGBP RNU6ATAC,0.93956043956044,1,0.846153846153846
83,8,MAGOH SRSF3 RBM5 RNU4ATAC TRA2B RNU11 CUGBP TRA2A,0.928571428571429,1,0.846153846153846
84,8,MAGOH SRSF3 RBM5 RNU4ATAC TRA2B RNU11 CUGBP SF3B2,0.923076923076923,0.928571428571429,0.846153846153846
85,8,MAGOH SRSF3 RBM5 RNU4ATAC TRA2B RNU11 CUGBP SF3BTV1,0.931318681318681,0.928571428571429,0.846153846153846
90,5,SRSF3 RBM25 RBM3 RBM5 KHDRBS1,0.884615384615385,0.857142857142857,0.846153846153846
92,5,SRSF3 RBM25 RBM3 RBM5 PTBP1,0.903846153846154,0.785714285714286,0.846153846153846
93,6,SRSF3 RBM25 RBM3 RBM5 PTBP1 RNU4ATAC,0.928571428571429,0.928571428571429,0.846153846153846
94,7,SRSF3 RBM25 RBM3 RBM5 PTBP1 RNU4ATAC TRA2B,0.928571428571429,0.928571428571429,0.846153846153846
95,7,SRSF3 RBM25 RBM3 RBM5 PTBP1 RNU4ATAC TCERG1,0.912087912087912,0.785714285714286,0.846153846153846
96,7,SRSF3 RBM25 RBM3 RBM5 PTBP1 RNU4ATAC U2AF1,0.917582417582418,0.928571428571429,0.846153846153846
97,7,SRSF3 RBM25 RBM3 RBM5 PTBP1 RNU4ATAC HNRNPA3,0.928571428571429,0.785714285714286,0.846153846153846
98,7,SRSF3 RBM25 RBM3 RBM5 PTBP1 RNU4ATAC RNU11,0.931318681318681,0.928571428571429,0.846153846153846
99,8,SRSF3 RBM25 RBM3 RBM5 PTBP1 RNU4ATAC RNU11 SC35,0.934065934065934,0.928571428571429,0.846153846153846
100,9,SRSF3 RBM25 RBM3 RBM5 PTBP1 RNU4ATAC RNU11 SC35 HNRNPG,0.912087912087912,0.857142857142857,0.846153846153846
101,9,SRSF3 RBM25 RBM3 RBM5 PTBP1 RNU4ATAC RNU11 SC35 CUGBP,0.923076923076923,0.857142857142857,0.846153846153846
104,10,SRSF3 RBM25 RBM3 RBM5 PTBP1 RNU4ATAC RNU11 SC35 HNRNPK PRP19,0.923076923076923,0.928571428571429,0.846153846153846
106,10,SRSF3 RBM25 RBM3 RBM5 PTBP1 RNU4ATAC RNU11 SC35 HNRNPK RNU6ATAC,0.92032967032967,0.857142857142857,0.846153846153846
108,10,SRSF3 RBM25 RBM3 RBM5 PTBP1 RNU4ATAC RNU11 SC35 HNRNPK SF3B2,0.934065934065934,0.928571428571429,0.846153846153846
113,4,RBM25 RBM5 KHDRBS1 SRPK1,0.895604395604396,0.857142857142857,0.846153846153846
114,4,RBM25 RBM5 KHDRBS1 PTBP1,0.895604395604396,0.857142857142857,0.846153846153846
115,4,RBM25 RBM5 KHDRBS1 RNU4ATAC,0.92032967032967,0.785714285714286,0.846153846153846
117,5,RBM25 RBM5 KHDRBS1 RNU4ATAC TCERG1,0.906593406593407,0.785714285714286,0.846153846153846
118,5,RBM25 RBM5 KHDRBS1 RNU4ATAC U2AF1,0.912087912087912,0.785714285714286,0.846153846153846
136,4,RBM17 RBM3 RBM5 KHDRBS1,0.901098901098901,0.857142857142857,0.846153846153846
137,4,RBM17 RBM3 RBM5 SRPK1,0.873626373626374,0.785714285714286,0.846153846153846
138,4,RBM17 RBM3 RBM5 PTBP1,0.906593406593407,0.928571428571429,0.846153846153846
140,4,RBM17 RBM3 RBM5 TRA2B,0.906593406593407,0.785714285714286,0.846153846153846
141,4,RBM17 RBM3 RBM5 TCERG1,0.901098901098901,0.857142857142857,0.846153846153846
144,4,RBM17 RBM3 RBM5 RNU11,0.93956043956044,0.785714285714286,0.846153846153846
145,5,RBM17 RBM3 RBM5 RNU11 SC35,0.93956043956044,0.928571428571429,0.846153846153846
146,5,RBM17 RBM3 RBM5 RNU11 HNRNPG,0.93956043956044,0.785714285714286,0.846153846153846
147,5,RBM17 RBM3 RBM5 RNU11 CUGBP,0.950549450549451,0.857142857142857,0.846153846153846
148,6,RBM17 RBM3 RBM5 RNU11 CUGBP EIF4A3,0.947802197802198,0.928571428571429,0.846153846153846
149,6,RBM17 RBM3 RBM5 RNU11 CUGBP HNRNPK,0.956043956043956,0.785714285714286,0.846153846153846
150,7,RBM17 RBM3 RBM5 RNU11 CUGBP HNRNPK PRP19,0.950549450549451,0.928571428571429,0.846153846153846
151,7,RBM17 RBM3 RBM5 RNU11 CUGBP HNRNPK MBNL1,0.93956043956044,0.928571428571429,0.846153846153846
152,7,RBM17 RBM3 RBM5 RNU11 CUGBP HNRNPK RNU6ATAC,0.950549450549451,1,0.846153846153846
153,7,RBM17 RBM3 RBM5 RNU11 CUGBP HNRNPK TRA2A,0.956043956043956,1,0.846153846153846
154,7,RBM17 RBM3 RBM5 RNU11 CUGBP HNRNPK SF3B2,0.945054945054945,1,0.846153846153846
155,7,RBM17 RBM3 RBM5 RNU11 CUGBP HNRNPK SF3BTV1,0.956043956043956,0.857142857142857,0.846153846153846
156,7,RBM17 RBM3 RBM5 RNU11 CUGBP HNRNPK SF3BTV2,0.950549450549451,0.928571428571429,0.846153846153846
157,1,RBM3,0.802197802197802,0.785714285714286,0.846153846153846
161,4,RBM3 RBM5 KHDRBS1 PTBP1,0.901098901098901,0.785714285714286,0.846153846153846
162,5,RBM3 RBM5 KHDRBS1 PTBP1 RNU4ATAC,0.934065934065934,0.928571428571429,0.846153846153846
164,6,RBM3 RBM5 KHDRBS1 PTBP1 RNU4ATAC TCERG1,0.906593406593407,0.785714285714286,0.846153846153846
166,6,RBM3 RBM5 KHDRBS1 PTBP1 RNU4ATAC HNRNPA3,0.923076923076923,1,0.846153846153846
167,6,RBM3 RBM5 KHDRBS1 PTBP1 RNU4ATAC RNU11,0.967032967032967,1,0.846153846153846
168,7,RBM3 RBM5 KHDRBS1 PTBP1 RNU4ATAC RNU11 SC35,0.942307692307692,0.928571428571429,0.846153846153846
170,7,RBM3 RBM5 KHDRBS1 PTBP1 RNU4ATAC RNU11 CUGBP,0.950549450549451,1,0.846153846153846
171,7,RBM3 RBM5 KHDRBS1 PTBP1 RNU4ATAC RNU11 EIF4A3,0.964285714285714,1,0.846153846153846
172,7,RBM3 RBM5 KHDRBS1 PTBP1 RNU4ATAC RNU11 HNRNPK,0.961538461538462,0.928571428571429,0.846153846153846
173,7,RBM3 RBM5 KHDRBS1 PTBP1 RNU4ATAC RNU11 PRP19,0.953296703296703,1,0.846153846153846
175,7,RBM3 RBM5 KHDRBS1 PTBP1 RNU4ATAC RNU11 RNU6ATAC,0.961538461538462,1,0.846153846153846
176,7,RBM3 RBM5 KHDRBS1 PTBP1 RNU4ATAC RNU11 TRA2A,0.956043956043956,0.928571428571429,0.846153846153846
178,7,RBM3 RBM5 KHDRBS1 PTBP1 RNU4ATAC RNU11 SF3BTV1,0.950549450549451,0.928571428571429,0.846153846153846
188,6,SRSF10 RBM5 SRPK1 PTBP1 RNU4ATAC HNRNPA3,0.906593406593407,0.857142857142857,0.846153846153846
190,8,SRSF10 RBM5 SRPK1 PTBP1 RNU4ATAC HNRNPA3 RNU11 SC35,0.906593406593407,0.857142857142857,0.846153846153846
193,8,SRSF10 RBM5 SRPK1 PTBP1 RNU4ATAC HNRNPA3 RNU11 EIF4A3,0.912087912087912,0.857142857142857,0.846153846153846
199,10,SRSF10 RBM5 SRPK1 PTBP1 RNU4ATAC HNRNPA3 RNU11 HNRNPK MBNL1 SF3B2,0.906593406593407,0.857142857142857,0.846153846153846
200,10,SRSF10 RBM5 SRPK1 PTBP1 RNU4ATAC HNRNPA3 RNU11 HNRNPK MBNL1 SF3BTV1,0.923076923076923,0.857142857142857,0.846153846153846
203,3,RBM5 KHDRBS1 SRPK1,0.857142857142857,0.785714285714286,0.846153846153846
228,6,KHDRBS1 PTBP1 RNU4ATAC TRA2B TCERG1 RNU11,0.89010989010989,0.785714285714286,0.846153846153846
231,7,KHDRBS1 PTBP1 RNU4ATAC TRA2B TCERG1 RNU11 CUGBP,0.884615384615385,0.785714285714286,0.846153846153846
233,7,KHDRBS1 PTBP1 RNU4ATAC TRA2B TCERG1 RNU11 HNRNPK,0.887362637362637,0.857142857142857,0.846153846153846
234,7,KHDRBS1 PTBP1 RNU4ATAC TRA2B TCERG1 RNU11 PRP19,0.868131868131868,0.785714285714286,0.846153846153846
251,7,SRPK1 PTBP1 RNU4ATAC TRA2B HNRNPA3 RNU11 HNRNPK,0.89010989010989,0.857142857142857,0.846153846153846
258,9,SRPK1 PTBP1 RNU4ATAC TRA2B HNRNPA3 RNU11 HNRNPK MBNL1 SF3BTV2,0.884615384615385,0.857142857142857,0.846153846153846
262,5,PTBP1 RNU4ATAC TRA2B TCERG1 HNRNPA3,0.82967032967033,0.785714285714286,0.846153846153846
267,6,PTBP1 RNU4ATAC TRA2B TCERG1 RNU11 EIF4A3,0.89010989010989,0.785714285714286,0.846153846153846
268,7,PTBP1 RNU4ATAC TRA2B TCERG1 RNU11 EIF4A3 HNRNPK,0.903846153846154,0.857142857142857,0.846153846153846
269,8,PTBP1 RNU4ATAC TRA2B TCERG1 RNU11 EIF4A3 HNRNPK PRP19,0.895604395604396,0.785714285714286,0.846153846153846
271,8,PTBP1 RNU4ATAC TRA2B TCERG1 RNU11 EIF4A3 HNRNPK RNU6ATAC,0.906593406593407,0.857142857142857,0.846153846153846
274,9,PTBP1 RNU4ATAC TRA2B TCERG1 RNU11 EIF4A3 HNRNPK RNU6ATAC SF3BTV1,0.914835164835165,0.857142857142857,0.846153846153846
279,3,RNU4ATAC TRA2B RNU11,0.956043956043956,0.857142857142857,0.846153846153846
283,4,RNU4ATAC TRA2B RNU11 EIF4A3,0.945054945054945,0.857142857142857,0.846153846153846
284,4,RNU4ATAC TRA2B RNU11 HNRNPK,0.947802197802198,0.857142857142857,0.846153846153846
287,4,RNU4ATAC TRA2B RNU11 RNU6ATAC,0.956043956043956,0.857142857142857,0.846153846153846
297,4,TRA2B U2AF1 RNU11 HNRNPK,0.884615384615385,0.785714285714286,0.846153846153846
329,2,HNRNPA3 RNU11,0.857142857142857,0.714285714285714,0.846153846153846
331,3,HNRNPA3 RNU11 HNRNPG,0.82967032967033,0.714285714285714,0.846153846153846
332,3,HNRNPA3 RNU11 CUGBP,0.815934065934066,0.714285714285714,0.846153846153846
333,3,HNRNPA3 RNU11 EIF4A3,0.884615384615385,0.714285714285714,0.846153846153846
338,4,HNRNPA3 RNU11 EIF4A3 TRA2A,0.846153846153846,0.714285714285714,0.846153846153846
341,4,HNRNPA3 RNU11 EIF4A3 SF3BTV2,0.879120879120879,0.714285714285714,0.846153846153846
343,5,RNU11 SC35 HNRNPG CUGBP EIF4A3,0.840659340659341,0.714285714285714,0.846153846153846
344,6,RNU11 SC35 HNRNPG CUGBP EIF4A3 HNRNPK,0.824175824175824,0.714285714285714,0.846153846153846
346,6,RNU11 SC35 HNRNPG CUGBP EIF4A3 MBNL1,0.802197802197802,0.642857142857143,0.846153846153846
347,6,RNU11 SC35 HNRNPG CUGBP EIF4A3 RNU6ATAC,0.82967032967033,0.714285714285714,0.846153846153846
351,6,RNU11 SC35 HNRNPG CUGBP EIF4A3 SF3BTV2,0.824175824175824,0.714285714285714,0.846153846153846
31,2,RNU12 MAGOH,0.923076923076923,0.857142857142857,0.769230769230769
47,6,RNU12 MAGOH SRSF3 RBM5 RNU11 SC35,0.945054945054945,0.928571428571429,0.769230769230769
53,7,RNU12 MAGOH SRSF3 RBM5 RNU11 HNRNPK MBNL1,0.961538461538462,0.928571428571429,0.769230769230769
59,1,MAGOH,0.854395604395604,0.785714285714286,0.769230769230769
60,2,MAGOH SRSF3,0.912087912087912,0.928571428571429,0.769230769230769
64,3,MAGOH SRSF3 SRSF10,0.868131868131868,0.928571428571429,0.769230769230769
65,3,MAGOH SRSF3 RBM5,0.917582417582418,0.928571428571429,0.769230769230769
66,4,MAGOH SRSF3 RBM5 KHDRBS1,0.898351648351648,0.857142857142857,0.769230769230769
68,4,MAGOH SRSF3 RBM5 PTBP1,0.912087912087912,0.857142857142857,0.769230769230769
71,6,MAGOH SRSF3 RBM5 RNU4ATAC TRA2B TCERG1,0.901098901098901,1,0.769230769230769
72,6,MAGOH SRSF3 RBM5 RNU4ATAC TRA2B U2AF1,0.906593406593407,0.928571428571429,0.769230769230769
76,7,MAGOH SRSF3 RBM5 RNU4ATAC TRA2B RNU11 HNRNPG,0.934065934065934,1,0.769230769230769
77,7,MAGOH SRSF3 RBM5 RNU4ATAC TRA2B RNU11 CUGBP,0.947802197802198,1,0.769230769230769
78,8,MAGOH SRSF3 RBM5 RNU4ATAC TRA2B RNU11 CUGBP EIF4A3,0.945054945054945,1,0.769230769230769
80,8,MAGOH SRSF3 RBM5 RNU4ATAC TRA2B RNU11 CUGBP PRP19,0.928571428571429,1,0.769230769230769
81,8,MAGOH SRSF3 RBM5 RNU4ATAC TRA2B RNU11 CUGBP MBNL1,0.923076923076923,1,0.769230769230769
87,3,SRSF3 RBM25 RBM3,0.82967032967033,0.785714285714286,0.769230769230769
89,4,SRSF3 RBM25 RBM3 RBM5,0.901098901098901,0.857142857142857,0.769230769230769
91,5,SRSF3 RBM25 RBM3 RBM5 SRPK1,0.89010989010989,0.785714285714286,0.769230769230769
112,3,RBM25 RBM5 KHDRBS1,0.906593406593407,0.928571428571429,0.769230769230769
116,5,RBM25 RBM5 KHDRBS1 RNU4ATAC TRA2B,0.912087912087912,0.785714285714286,0.769230769230769
133,2,RBM17 RBM3,0.840659340659341,0.714285714285714,0.769230769230769
134,3,RBM17 RBM3 SRSF10,0.813186813186813,0.785714285714286,0.769230769230769
135,3,RBM17 RBM3 RBM5,0.906593406593407,0.785714285714286,0.769230769230769
142,4,RBM17 RBM3 RBM5 U2AF1,0.884615384615385,0.785714285714286,0.769230769230769
143,4,RBM17 RBM3 RBM5 HNRNPA3,0.89010989010989,0.785714285714286,0.769230769230769
159,3,RBM3 RBM5 KHDRBS1,0.898351648351648,0.857142857142857,0.769230769230769
160,4,RBM3 RBM5 KHDRBS1 SRPK1,0.862637362637363,0.785714285714286,0.769230769230769
163,6,RBM3 RBM5 KHDRBS1 PTBP1 RNU4ATAC TRA2B,0.906593406593407,1,0.769230769230769
165,6,RBM3 RBM5 KHDRBS1 PTBP1 RNU4ATAC U2AF1,0.895604395604396,0.785714285714286,0.769230769230769
169,7,RBM3 RBM5 KHDRBS1 PTBP1 RNU4ATAC RNU11 HNRNPG,0.956043956043956,1,0.769230769230769
174,7,RBM3 RBM5 KHDRBS1 PTBP1 RNU4ATAC RNU11 MBNL1,0.950549450549451,0.928571428571429,0.769230769230769
177,7,RBM3 RBM5 KHDRBS1 PTBP1 RNU4ATAC RNU11 SF3B2,0.950549450549451,0.928571428571429,0.769230769230769
181,3,SRSF10 RBM5 KHDRBS1,0.818681318681319,0.785714285714286,0.769230769230769
183,4,SRSF10 RBM5 SRPK1 PTBP1,0.89010989010989,0.714285714285714,0.769230769230769
184,5,SRSF10 RBM5 SRPK1 PTBP1 RNU4ATAC,0.903846153846154,0.857142857142857,0.769230769230769
185,6,SRSF10 RBM5 SRPK1 PTBP1 RNU4ATAC TRA2B,0.884615384615385,0.928571428571429,0.769230769230769
186,6,SRSF10 RBM5 SRPK1 PTBP1 RNU4ATAC TCERG1,0.895604395604396,0.857142857142857,0.769230769230769
189,7,SRSF10 RBM5 SRPK1 PTBP1 RNU4ATAC HNRNPA3 RNU11,0.917582417582418,0.857142857142857,0.769230769230769
191,8,SRSF10 RBM5 SRPK1 PTBP1 RNU4ATAC HNRNPA3 RNU11 HNRNPG,0.906593406593407,0.857142857142857,0.769230769230769
192,8,SRSF10 RBM5 SRPK1 PTBP1 RNU4ATAC HNRNPA3 RNU11 CUGBP,0.906593406593407,0.857142857142857,0.769230769230769
194,8,SRSF10 RBM5 SRPK1 PTBP1 RNU4ATAC HNRNPA3 RNU11 HNRNPK,0.928571428571429,0.857142857142857,0.769230769230769
195,9,SRSF10 RBM5 SRPK1 PTBP1 RNU4ATAC HNRNPA3 RNU11 HNRNPK PRP19,0.912087912087912,0.857142857142857,0.769230769230769
196,9,SRSF10 RBM5 SRPK1 PTBP1 RNU4ATAC HNRNPA3 RNU11 HNRNPK MBNL1,0.934065934065934,0.857142857142857,0.769230769230769
197,10,SRSF10 RBM5 SRPK1 PTBP1 RNU4ATAC HNRNPA3 RNU11 HNRNPK MBNL1 RNU6ATAC,0.917582417582418,0.857142857142857,0.769230769230769
198,10,SRSF10 RBM5 SRPK1 PTBP1 RNU4ATAC HNRNPA3 RNU11 HNRNPK MBNL1 TRA2A,0.906593406593407,0.857142857142857,0.769230769230769
201,10,SRSF10 RBM5 SRPK1 PTBP1 RNU4ATAC HNRNPA3 RNU11 HNRNPK MBNL1 SF3BTV2,0.917582417582418,0.857142857142857,0.769230769230769
202,2,RBM5 KHDRBS1,0.862637362637363,0.785714285714286,0.769230769230769
205,3,RBM5 KHDRBS1 RNU4ATAC,0.873626373626374,0.642857142857143,0.769230769230769
206,4,RBM5 KHDRBS1 RNU4ATAC TRA2B,0.873626373626374,0.714285714285714,0.769230769230769
209,4,RBM5 KHDRBS1 RNU4ATAC HNRNPA3,0.89010989010989,0.714285714285714,0.769230769230769
210,5,RBM5 KHDRBS1 RNU4ATAC HNRNPA3 RNU11,0.917582417582418,0.928571428571429,0.769230769230769
211,6,RBM5 KHDRBS1 RNU4ATAC HNRNPA3 RNU11 SC35,0.892857142857143,0.928571428571429,0.769230769230769
212,6,RBM5 KHDRBS1 RNU4ATAC HNRNPA3 RNU11 HNRNPG,0.906593406593407,0.928571428571429,0.769230769230769
213,6,RBM5 KHDRBS1 RNU4ATAC HNRNPA3 RNU11 CUGBP,0.928571428571429,0.928571428571429,0.769230769230769
214,7,RBM5 KHDRBS1 RNU4ATAC HNRNPA3 RNU11 CUGBP EIF4A3,0.912087912087912,0.928571428571429,0.769230769230769
215,7,RBM5 KHDRBS1 RNU4ATAC HNRNPA3 RNU11 CUGBP HNRNPK,0.93956043956044,0.928571428571429,0.769230769230769
216,8,RBM5 KHDRBS1 RNU4ATAC HNRNPA3 RNU11 CUGBP HNRNPK PRP19,0.936813186813187,0.928571428571429,0.769230769230769
217,8,RBM5 KHDRBS1 RNU4ATAC HNRNPA3 RNU11 CUGBP HNRNPK MBNL1,0.928571428571429,0.928571428571429,0.769230769230769
218,8,RBM5 KHDRBS1 RNU4ATAC HNRNPA3 RNU11 CUGBP HNRNPK RNU6ATAC,0.92032967032967,0.857142857142857,0.769230769230769
219,8,RBM5 KHDRBS1 RNU4ATAC HNRNPA3 RNU11 CUGBP HNRNPK TRA2A,0.956043956043956,0.928571428571429,0.769230769230769
220,9,RBM5 KHDRBS1 RNU4ATAC HNRNPA3 RNU11 CUGBP HNRNPK TRA2A SF3B2,0.909340659340659,0.857142857142857,0.769230769230769
221,9,RBM5 KHDRBS1 RNU4ATAC HNRNPA3 RNU11 CUGBP HNRNPK TRA2A SF3BTV1,0.917582417582418,0.857142857142857,0.769230769230769
222,9,RBM5 KHDRBS1 RNU4ATAC HNRNPA3 RNU11 CUGBP HNRNPK TRA2A SF3BTV2,0.931318681318681,0.928571428571429,0.769230769230769
224,4,KHDRBS1 PTBP1 RNU4ATAC TRA2B,0.82967032967033,0.714285714285714,0.769230769230769
225,5,KHDRBS1 PTBP1 RNU4ATAC TRA2B TCERG1,0.835164835164835,0.785714285714286,0.769230769230769
226,6,KHDRBS1 PTBP1 RNU4ATAC TRA2B TCERG1 U2AF1,0.807692307692308,0.785714285714286,0.769230769230769
227,6,KHDRBS1 PTBP1 RNU4ATAC TRA2B TCERG1 HNRNPA3,0.818681318681319,0.785714285714286,0.769230769230769
229,7,KHDRBS1 PTBP1 RNU4ATAC TRA2B TCERG1 RNU11 SC35,0.879120879120879,0.857142857142857,0.769230769230769
230,7,KHDRBS1 PTBP1 RNU4ATAC TRA2B TCERG1 RNU11 HNRNPG,0.873626373626374,0.785714285714286,0.769230769230769
232,7,KHDRBS1 PTBP1 RNU4ATAC TRA2B TCERG1 RNU11 EIF4A3,0.89010989010989,0.785714285714286,0.769230769230769
235,7,KHDRBS1 PTBP1 RNU4ATAC TRA2B TCERG1 RNU11 MBNL1,0.901098901098901,0.785714285714286,0.769230769230769
236,8,KHDRBS1 PTBP1 RNU4ATAC TRA2B TCERG1 RNU11 MBNL1 RNU6ATAC,0.89010989010989,0.857142857142857,0.769230769230769
237,8,KHDRBS1 PTBP1 RNU4ATAC TRA2B TCERG1 RNU11 MBNL1 TRA2A,0.884615384615385,0.785714285714286,0.769230769230769
238,8,KHDRBS1 PTBP1 RNU4ATAC TRA2B TCERG1 RNU11 MBNL1 SF3B2,0.879120879120879,0.857142857142857,0.769230769230769
239,8,KHDRBS1 PTBP1 RNU4ATAC TRA2B TCERG1 RNU11 MBNL1 SF3BTV1,0.884615384615385,0.857142857142857,0.769230769230769
240,8,KHDRBS1 PTBP1 RNU4ATAC TRA2B TCERG1 RNU11 MBNL1 SF3BTV2,0.881868131868132,0.785714285714286,0.769230769230769
241,3,SRPK1 PTBP1 RNU4ATAC,0.813186813186813,0.857142857142857,0.769230769230769
243,5,SRPK1 PTBP1 RNU4ATAC TRA2B TCERG1,0.813186813186813,0.785714285714286,0.769230769230769
245,5,SRPK1 PTBP1 RNU4ATAC TRA2B HNRNPA3,0.835164835164835,0.785714285714286,0.769230769230769
246,6,SRPK1 PTBP1 RNU4ATAC TRA2B HNRNPA3 RNU11,0.884615384615385,0.857142857142857,0.769230769230769
247,7,SRPK1 PTBP1 RNU4ATAC TRA2B HNRNPA3 RNU11 SC35,0.873626373626374,0.857142857142857,0.769230769230769
248,7,SRPK1 PTBP1 RNU4ATAC TRA2B HNRNPA3 RNU11 HNRNPG,0.873626373626374,0.857142857142857,0.769230769230769
249,7,SRPK1 PTBP1 RNU4ATAC TRA2B HNRNPA3 RNU11 CUGBP,0.873626373626374,0.857142857142857,0.769230769230769
250,7,SRPK1 PTBP1 RNU4ATAC TRA2B HNRNPA3 RNU11 EIF4A3,0.884615384615385,0.785714285714286,0.769230769230769
252,8,SRPK1 PTBP1 RNU4ATAC TRA2B HNRNPA3 RNU11 HNRNPK PRP19,0.89010989010989,0.857142857142857,0.769230769230769
253,8,SRPK1 PTBP1 RNU4ATAC TRA2B HNRNPA3 RNU11 HNRNPK MBNL1,0.895604395604396,0.857142857142857,0.769230769230769
254,9,SRPK1 PTBP1 RNU4ATAC TRA2B HNRNPA3 RNU11 HNRNPK MBNL1 RNU6ATAC,0.89010989010989,0.857142857142857,0.769230769230769
255,9,SRPK1 PTBP1 RNU4ATAC TRA2B HNRNPA3 RNU11 HNRNPK MBNL1 TRA2A,0.876373626373626,0.857142857142857,0.769230769230769
256,9,SRPK1 PTBP1 RNU4ATAC TRA2B HNRNPA3 RNU11 HNRNPK MBNL1 SF3B2,0.870879120879121,0.785714285714286,0.769230769230769
257,9,SRPK1 PTBP1 RNU4ATAC TRA2B HNRNPA3 RNU11 HNRNPK MBNL1 SF3BTV1,0.884615384615385,0.857142857142857,0.769230769230769
260,4,PTBP1 RNU4ATAC TRA2B TCERG1,0.82967032967033,0.785714285714286,0.769230769230769
261,5,PTBP1 RNU4ATAC TRA2B TCERG1 U2AF1,0.807692307692308,0.785714285714286,0.769230769230769
265,6,PTBP1 RNU4ATAC TRA2B TCERG1 RNU11 HNRNPG,0.879120879120879,0.785714285714286,0.769230769230769
266,6,PTBP1 RNU4ATAC TRA2B TCERG1 RNU11 CUGBP,0.884615384615385,0.857142857142857,0.769230769230769
270,8,PTBP1 RNU4ATAC TRA2B TCERG1 RNU11 EIF4A3 HNRNPK MBNL1,0.892857142857143,0.857142857142857,0.769230769230769
272,9,PTBP1 RNU4ATAC TRA2B TCERG1 RNU11 EIF4A3 HNRNPK RNU6ATAC TRA2A,0.906593406593407,0.857142857142857,0.769230769230769
273,9,PTBP1 RNU4ATAC TRA2B TCERG1 RNU11 EIF4A3 HNRNPK RNU6ATAC SF3B2,0.892857142857143,0.785714285714286,0.769230769230769
275,10,PTBP1 RNU4ATAC TRA2B TCERG1 RNU11 EIF4A3 HNRNPK RNU6ATAC SF3BTV1 SF3BTV2,0.906593406593407,0.857142857142857,0.769230769230769
280,4,RNU4ATAC TRA2B RNU11 SC35,0.912087912087912,0.928571428571429,0.769230769230769
281,4,RNU4ATAC TRA2B RNU11 HNRNPG,0.906593406593407,0.857142857142857,0.769230769230769
282,4,RNU4ATAC TRA2B RNU11 CUGBP,0.917582417582418,0.857142857142857,0.769230769230769
285,4,RNU4ATAC TRA2B RNU11 PRP19,0.923076923076923,0.857142857142857,0.769230769230769
286,4,RNU4ATAC TRA2B RNU11 MBNL1,0.947802197802198,0.857142857142857,0.769230769230769
288,4,RNU4ATAC TRA2B RNU11 TRA2A,0.923076923076923,0.857142857142857,0.769230769230769
289,4,RNU4ATAC TRA2B RNU11 SF3B2,0.923076923076923,0.785714285714286,0.769230769230769
290,4,RNU4ATAC TRA2B RNU11 SF3BTV1,0.928571428571429,0.857142857142857,0.769230769230769
291,4,RNU4ATAC TRA2B RNU11 SF3BTV2,0.936813186813187,0.857142857142857,0.769230769230769
301,5,TRA2B U2AF1 RNU11 RNU6ATAC TRA2A,0.840659340659341,0.714285714285714,0.769230769230769
303,5,TRA2B U2AF1 RNU11 RNU6ATAC SF3BTV1,0.840659340659341,0.714285714285714,0.769230769230769
308,5,TCERG1 U2AF1 RNU11 CUGBP EIF4A3,0.840659340659341,0.714285714285714,0.769230769230769
309,6,TCERG1 U2AF1 RNU11 CUGBP EIF4A3 HNRNPK,0.82967032967033,0.714285714285714,0.769230769230769
310,6,TCERG1 U2AF1 RNU11 CUGBP EIF4A3 PRP19,0.840659340659341,0.714285714285714,0.769230769230769
313,6,TCERG1 U2AF1 RNU11 CUGBP EIF4A3 TRA2A,0.824175824175824,0.714285714285714,0.769230769230769
314,6,TCERG1 U2AF1 RNU11 CUGBP EIF4A3 SF3B2,0.824175824175824,0.714285714285714,0.769230769230769
318,3,U2AF1 RNU11 SC35,0.818681318681319,0.714285714285714,0.769230769230769
319,4,U2AF1 RNU11 SC35 CUGBP,0.807692307692308,0.785714285714286,0.769230769230769
321,5,U2AF1 RNU11 SC35 EIF4A3 HNRNPK,0.835164835164835,0.785714285714286,0.769230769230769
326,5,U2AF1 RNU11 SC35 EIF4A3 SF3B2,0.824175824175824,0.785714285714286,0.769230769230769
330,3,HNRNPA3 RNU11 SC35,0.818681318681319,0.714285714285714,0.769230769230769
336,4,HNRNPA3 RNU11 EIF4A3 MBNL1,0.807692307692308,0.714285714285714,0.769230769230769
339,4,HNRNPA3 RNU11 EIF4A3 SF3B2,0.835164835164835,0.714285714285714,0.769230769230769
340,4,HNRNPA3 RNU11 EIF4A3 SF3BTV1,0.846153846153846,0.714285714285714,0.769230769230769
342,4,RNU11 SC35 HNRNPG CUGBP,0.802197802197802,0.714285714285714,0.769230769230769
348,6,RNU11 SC35 HNRNPG CUGBP EIF4A3 TRA2A,0.818681318681319,0.714285714285714,0.769230769230769
349,6,RNU11 SC35 HNRNPG CUGBP EIF4A3 SF3B2,0.837912087912088,0.714285714285714,0.769230769230769
350,6,RNU11 SC35 HNRNPG CUGBP EIF4A3 SF3BTV1,0.818681318681319,0.714285714285714,0.769230769230769
353,2,HNRNPG EIF4A3,0.840659340659341,0.857142857142857,0.769230769230769
1,1,HNRNPA1,0.870879120879121,0.857142857142857,0.692307692307692
61,3,MAGOH SRSF3 RBM25,0.868131868131868,0.928571428571429,0.692307692307692
86,8,MAGOH SRSF3 RBM5 RNU4ATAC TRA2B RNU11 CUGBP SF3BTV2,0.928571428571429,0.928571428571429,0.692307692307692
88,4,SRSF3 RBM25 RBM3 SRSF10,0.802197802197802,0.785714285714286,0.692307692307692
111,2,RBM25 RBM5,0.901098901098901,0.785714285714286,0.692307692307692
139,4,RBM17 RBM3 RBM5 RNU4ATAC,0.906593406593407,0.857142857142857,0.692307692307692
158,2,RBM3 RBM5,0.884615384615385,0.857142857142857,0.692307692307692
179,7,RBM3 RBM5 KHDRBS1 PTBP1 RNU4ATAC RNU11 SF3BTV2,0.931318681318681,0.928571428571429,0.692307692307692
180,2,SRSF10 RBM5,0.851648351648352,0.785714285714286,0.692307692307692
182,3,SRSF10 RBM5 SRPK1,0.862637362637363,0.785714285714286,0.692307692307692
187,6,SRSF10 RBM5 SRPK1 PTBP1 RNU4ATAC U2AF1,0.879120879120879,0.857142857142857,0.692307692307692
204,3,RBM5 KHDRBS1 PTBP1,0.857142857142857,0.714285714285714,0.692307692307692
207,4,RBM5 KHDRBS1 RNU4ATAC TCERG1,0.873626373626374,0.714285714285714,0.692307692307692
208,4,RBM5 KHDRBS1 RNU4ATAC U2AF1,0.851648351648352,0.785714285714286,0.692307692307692
223,3,KHDRBS1 PTBP1 RNU4ATAC,0.818681318681319,0.714285714285714,0.692307692307692
242,4,SRPK1 PTBP1 RNU4ATAC TRA2B,0.824175824175824,0.785714285714286,0.692307692307692
244,5,SRPK1 PTBP1 RNU4ATAC TRA2B U2AF1,0.813186813186813,0.785714285714286,0.692307692307692
263,5,PTBP1 RNU4ATAC TRA2B TCERG1 RNU11,0.884615384615385,0.785714285714286,0.692307692307692
264,6,PTBP1 RNU4ATAC TRA2B TCERG1 RNU11 SC35,0.873626373626374,0.857142857142857,0.692307692307692
276,2,RNU4ATAC TRA2B,0.862637362637363,0.785714285714286,0.692307692307692
277,3,RNU4ATAC TRA2B TCERG1,0.824175824175824,0.714285714285714,0.692307692307692
278,3,RNU4ATAC TRA2B HNRNPA3,0.846153846153846,0.857142857142857,0.692307692307692
292,3,TRA2B U2AF1 RNU11,0.884615384615385,0.785714285714286,0.692307692307692
293,4,TRA2B U2AF1 RNU11 SC35,0.846153846153846,0.714285714285714,0.692307692307692
294,4,TRA2B U2AF1 RNU11 HNRNPG,0.876373626373626,0.785714285714286,0.692307692307692
296,4,TRA2B U2AF1 RNU11 EIF4A3,0.873626373626374,0.785714285714286,0.692307692307692
298,4,TRA2B U2AF1 RNU11 PRP19,0.884615384615385,0.785714285714286,0.692307692307692
299,4,TRA2B U2AF1 RNU11 MBNL1,0.862637362637363,0.714285714285714,0.692307692307692
300,4,TRA2B U2AF1 RNU11 RNU6ATAC,0.887362637362637,0.714285714285714,0.692307692307692
302,5,TRA2B U2AF1 RNU11 RNU6ATAC SF3B2,0.884615384615385,0.714285714285714,0.692307692307692
304,5,TRA2B U2AF1 RNU11 RNU6ATAC SF3BTV2,0.868131868131868,0.714285714285714,0.692307692307692
305,3,TCERG1 U2AF1 RNU11,0.813186813186813,0.714285714285714,0.692307692307692
306,4,TCERG1 U2AF1 RNU11 SC35,0.802197802197802,0.714285714285714,0.692307692307692
307,4,TCERG1 U2AF1 RNU11 CUGBP,0.818681318681319,0.714285714285714,0.692307692307692
311,6,TCERG1 U2AF1 RNU11 CUGBP EIF4A3 MBNL1,0.807692307692308,0.714285714285714,0.692307692307692
312,6,TCERG1 U2AF1 RNU11 CUGBP EIF4A3 RNU6ATAC,0.82967032967033,0.714285714285714,0.692307692307692
315,6,TCERG1 U2AF1 RNU11 CUGBP EIF4A3 SF3BTV1,0.81043956043956,0.785714285714286,0.692307692307692
320,4,U2AF1 RNU11 SC35 EIF4A3,0.840659340659341,0.785714285714286,0.692307692307692
322,5,U2AF1 RNU11 SC35 EIF4A3 PRP19,0.824175824175824,0.785714285714286,0.692307692307692
323,5,U2AF1 RNU11 SC35 EIF4A3 MBNL1,0.81043956043956,0.714285714285714,0.692307692307692
324,5,U2AF1 RNU11 SC35 EIF4A3 RNU6ATAC,0.835164835164835,0.714285714285714,0.692307692307692
325,5,U2AF1 RNU11 SC35 EIF4A3 TRA2A,0.818681318681319,0.785714285714286,0.692307692307692
327,5,U2AF1 RNU11 SC35 EIF4A3 SF3BTV1,0.802197802197802,0.642857142857143,0.692307692307692
345,6,RNU11 SC35 HNRNPG CUGBP EIF4A3 PRP19,0.82967032967033,0.714285714285714,0.692307692307692
354,2,HNRNPG TRA2A,0.821428571428571,0.785714285714286,0.692307692307692
356,4,HNRNPK PRP19 TRA2A SF3B2,0.802197802197802,0.785714285714286,0.692307692307692
259,3,PTBP1 RNU4ATAC TRA2B,0.815934065934066,0.857142857142857,0.615384615384615
295,4,TRA2B U2AF1 RNU11 CUGBP,0.857142857142857,0.785714285714286,0.615384615384615
316,6,TCERG1 U2AF1 RNU11 CUGBP EIF4A3 SF3BTV2,0.821428571428571,0.785714285714286,0.615384615384615
328,5,U2AF1 RNU11 SC35 EIF4A3 SF3BTV2,0.824175824175824,0.857142857142857,0.615384615384615
355,2,HNRNPG SF3B2,0.802197802197802,0.785714285714286,0.615384615384615
317,2,U2AF1 RNU11,0.807692307692308,0.785714285714286,0.538461538461538
1,1,HNRNPA1,0.895604395604396,0.857142857142857,0.923076923076923
2,2,HNRNPA1 RNU12,0.857142857142857,0.857142857142857,0.923076923076923
3,2,HNRNPA1 MAGOH,0.895604395604396,0.928571428571429,0.923076923076923
5,2,HNRNPA1 RBM25,0.857142857142857,0.857142857142857,0.923076923076923
6,2,HNRNPA1 RBM17,0.868131868131868,0.857142857142857,0.923076923076923
7,2,HNRNPA1 RBM3,0.851648351648352,0.785714285714286,0.923076923076923
8,2,HNRNPA1 SRSF10,0.851648351648352,0.857142857142857,0.923076923076923
10,2,HNRNPA1 KHDRBS1,0.857142857142857,0.857142857142857,0.923076923076923
11,2,HNRNPA1 SRPK1,0.840659340659341,0.714285714285714,0.923076923076923
12,2,HNRNPA1 PTBP1,0.857142857142857,0.857142857142857,0.923076923076923
14,2,HNRNPA1 TRA2B,0.846153846153846,0.785714285714286,0.923076923076923
15,2,HNRNPA1 TCERG1,0.857142857142857,0.785714285714286,0.923076923076923
16,2,HNRNPA1 U2AF1,0.857142857142857,0.714285714285714,0.923076923076923
17,2,HNRNPA1 HNRNPA3,0.862637362637363,0.714285714285714,0.923076923076923
21,2,HNRNPA1 CUGBP,0.857142857142857,0.785714285714286,0.923076923076923
22,2,HNRNPA1 EIF4A3,0.873626373626374,0.857142857142857,0.923076923076923
26,2,HNRNPA1 RNU6ATAC,0.89010989010989,0.857142857142857,0.923076923076923
27,2,HNRNPA1 TRA2A,0.873626373626374,0.785714285714286,0.923076923076923
28,2,HNRNPA1 SF3B2,0.884615384615385,0.857142857142857,0.923076923076923
52,3,RNU12 MAGOH HNRNPK,0.862637362637363,0.857142857142857,0.923076923076923
55,3,RNU12 MAGOH RNU6ATAC,0.846153846153846,0.857142857142857,0.923076923076923
70,3,MAGOH SRSF3 TRA2B,0.901098901098901,0.857142857142857,0.923076923076923
72,3,MAGOH SRSF3 U2AF1,0.835164835164835,0.857142857142857,0.923076923076923
74,3,MAGOH SRSF3 RNU11,0.912087912087912,0.857142857142857,0.923076923076923
75,4,MAGOH SRSF3 RNU11 SC35,0.857142857142857,0.857142857142857,0.923076923076923
76,4,MAGOH SRSF3 RNU11 HNRNPG,0.868131868131868,0.857142857142857,0.923076923076923
77,4,MAGOH SRSF3 RNU11 CUGBP,0.868131868131868,0.928571428571429,0.923076923076923
78,4,MAGOH SRSF3 RNU11 EIF4A3,0.868131868131868,0.857142857142857,0.923076923076923
79,4,MAGOH SRSF3 RNU11 HNRNPK,0.895604395604396,0.857142857142857,0.923076923076923
80,4,MAGOH SRSF3 RNU11 PRP19,0.912087912087912,0.785714285714286,0.923076923076923
82,4,MAGOH SRSF3 RNU11 RNU6ATAC,0.901098901098901,0.857142857142857,0.923076923076923
83,4,MAGOH SRSF3 RNU11 TRA2A,0.906593406593407,0.857142857142857,0.923076923076923
84,4,MAGOH SRSF3 RNU11 SF3B2,0.901098901098901,0.857142857142857,0.923076923076923
86,4,MAGOH SRSF3 RNU11 SF3BTV2,0.895604395604396,0.857142857142857,0.923076923076923
97,4,SRSF3 RBM25 PTBP1 RNU11,0.873626373626374,0.857142857142857,0.923076923076923
116,4,RBM25 RBM17 RBM5 SRPK1,0.876373626373626,0.785714285714286,0.923076923076923
120,6,RBM25 RBM17 RBM5 SRPK1 RNU4ATAC TCERG1,0.912087912087912,0.857142857142857,0.923076923076923
121,7,RBM25 RBM17 RBM5 SRPK1 RNU4ATAC TCERG1 U2AF1,0.912087912087912,0.785714285714286,0.923076923076923
122,7,RBM25 RBM17 RBM5 SRPK1 RNU4ATAC TCERG1 HNRNPA3,0.931318681318681,0.857142857142857,0.923076923076923
123,8,RBM25 RBM17 RBM5 SRPK1 RNU4ATAC TCERG1 HNRNPA3 RNU11,0.895604395604396,0.857142857142857,0.923076923076923
141,4,RBM17 SRSF10 RBM5 SRPK1,0.912087912087912,0.857142857142857,0.923076923076923
143,6,RBM17 SRSF10 RBM5 SRPK1 PTBP1 RNU4ATAC,0.909340659340659,0.928571428571429,0.923076923076923
152,6,RBM17 SRSF10 RBM5 SRPK1 PTBP1 EIF4A3,0.903846153846154,0.928571428571429,0.923076923076923
164,4,RBM3 SRSF10 RBM5 SRPK1,0.947802197802198,0.928571428571429,0.923076923076923
167,6,RBM3 SRSF10 RBM5 SRPK1 PTBP1 TRA2B,0.983516483516483,0.928571428571429,0.923076923076923
168,7,RBM3 SRSF10 RBM5 SRPK1 PTBP1 TRA2B TCERG1,0.942307692307692,0.928571428571429,0.923076923076923
175,7,RBM3 SRSF10 RBM5 SRPK1 PTBP1 TRA2B EIF4A3,0.945054945054945,0.857142857142857,0.923076923076923
181,7,RBM3 SRSF10 RBM5 SRPK1 PTBP1 TRA2B SF3B2,0.931318681318681,0.785714285714286,0.923076923076923
182,7,RBM3 SRSF10 RBM5 SRPK1 PTBP1 TRA2B SF3BTV1,0.934065934065934,0.785714285714286,0.923076923076923
183,7,RBM3 SRSF10 RBM5 SRPK1 PTBP1 TRA2B SF3BTV2,0.925824175824176,0.857142857142857,0.923076923076923
211,4,RBM5 KHDRBS1 CUGBP HNRNPK,0.802197802197802,0.857142857142857,0.923076923076923
4,2,HNRNPA1 SRSF3,0.851648351648352,0.857142857142857,0.846153846153846
13,2,HNRNPA1 RNU4ATAC,0.873626373626374,0.928571428571429,0.846153846153846
18,2,HNRNPA1 RNU11,0.857142857142857,0.857142857142857,0.846153846153846
19,2,HNRNPA1 SC35,0.862637362637363,0.857142857142857,0.846153846153846
20,2,HNRNPA1 HNRNPG,0.884615384615385,0.928571428571429,0.846153846153846
23,2,HNRNPA1 HNRNPK,0.862637362637363,0.857142857142857,0.846153846153846
25,2,HNRNPA1 MBNL1,0.857142857142857,0.857142857142857,0.846153846153846
29,2,HNRNPA1 SF3BTV1,0.879120879120879,0.928571428571429,0.846153846153846
30,2,HNRNPA1 SF3BTV2,0.862637362637363,0.785714285714286,0.846153846153846
31,1,RNU12,0.835164835164835,0.714285714285714,0.846153846153846
32,2,RNU12 MAGOH,0.928571428571429,0.857142857142857,0.846153846153846
33,3,RNU12 MAGOH SRSF3,0.843406593406593,0.857142857142857,0.846153846153846
35,3,RNU12 MAGOH RBM17,0.873626373626374,0.857142857142857,0.846153846153846
38,3,RNU12 MAGOH RBM5,0.851648351648352,0.857142857142857,0.846153846153846
39,3,RNU12 MAGOH KHDRBS1,0.881868131868132,0.857142857142857,0.846153846153846
40,3,RNU12 MAGOH SRPK1,0.832417582417582,0.857142857142857,0.846153846153846
42,3,RNU12 MAGOH RNU4ATAC,0.879120879120879,0.857142857142857,0.846153846153846
43,3,RNU12 MAGOH TRA2B,0.862637362637363,0.857142857142857,0.846153846153846
46,3,RNU12 MAGOH HNRNPA3,0.832417582417582,0.857142857142857,0.846153846153846
48,3,RNU12 MAGOH SC35,0.862637362637363,0.857142857142857,0.846153846153846
50,3,RNU12 MAGOH CUGBP,0.857142857142857,0.785714285714286,0.846153846153846
51,3,RNU12 MAGOH EIF4A3,0.851648351648352,0.857142857142857,0.846153846153846
53,3,RNU12 MAGOH PRP19,0.884615384615385,0.857142857142857,0.846153846153846
56,3,RNU12 MAGOH TRA2A,0.895604395604396,0.785714285714286,0.846153846153846
57,3,RNU12 MAGOH SF3B2,0.868131868131868,0.857142857142857,0.846153846153846
58,3,RNU12 MAGOH SF3BTV1,0.873626373626374,0.857142857142857,0.846153846153846
59,3,RNU12 MAGOH SF3BTV2,0.840659340659341,0.857142857142857,0.846153846153846
61,2,MAGOH SRSF3,0.901098901098901,0.928571428571429,0.846153846153846
63,3,MAGOH SRSF3 RBM17,0.89010989010989,0.857142857142857,0.846153846153846
65,3,MAGOH SRSF3 SRSF10,0.857142857142857,0.785714285714286,0.846153846153846
66,3,MAGOH SRSF3 KHDRBS1,0.835164835164835,0.714285714285714,0.846153846153846
67,3,MAGOH SRSF3 SRPK1,0.879120879120879,0.857142857142857,0.846153846153846
68,3,MAGOH SRSF3 PTBP1,0.901098901098901,0.928571428571429,0.846153846153846
69,3,MAGOH SRSF3 RNU4ATAC,0.857142857142857,0.857142857142857,0.846153846153846
71,3,MAGOH SRSF3 TCERG1,0.807692307692308,0.785714285714286,0.846153846153846
81,4,MAGOH SRSF3 RNU11 MBNL1,0.851648351648352,0.857142857142857,0.846153846153846
85,4,MAGOH SRSF3 RNU11 SF3BTV1,0.818681318681319,0.857142857142857,0.846153846153846
91,3,SRSF3 RBM25 RBM5,0.851648351648352,0.928571428571429,0.846153846153846
93,3,SRSF3 RBM25 PTBP1,0.879120879120879,0.785714285714286,0.846153846153846
94,4,SRSF3 RBM25 PTBP1 TRA2B,0.851648351648352,0.785714285714286,0.846153846153846
96,4,SRSF3 RBM25 PTBP1 HNRNPA3,0.857142857142857,0.785714285714286,0.846153846153846
99,4,SRSF3 RBM25 PTBP1 HNRNPG,0.851648351648352,0.714285714285714,0.846153846153846
100,4,SRSF3 RBM25 PTBP1 CUGBP,0.857142857142857,0.928571428571429,0.846153846153846
101,4,SRSF3 RBM25 PTBP1 EIF4A3,0.879120879120879,0.714285714285714,0.846153846153846
102,4,SRSF3 RBM25 PTBP1 HNRNPK,0.873626373626374,0.785714285714286,0.846153846153846
103,4,SRSF3 RBM25 PTBP1 PRP19,0.857142857142857,0.714285714285714,0.846153846153846
105,4,SRSF3 RBM25 PTBP1 RNU6ATAC,0.846153846153846,0.857142857142857,0.846153846153846
108,4,SRSF3 RBM25 PTBP1 SF3BTV1,0.807692307692308,0.785714285714286,0.846153846153846
109,4,SRSF3 RBM25 PTBP1 SF3BTV2,0.868131868131868,0.642857142857143,0.846153846153846
110,1,RBM25,0.818681318681319,0.785714285714286,0.846153846153846
114,3,RBM25 RBM17 RBM5,0.868131868131868,0.857142857142857,0.846153846153846
115,4,RBM25 RBM17 RBM5 KHDRBS1,0.821428571428571,0.785714285714286,0.846153846153846
117,5,RBM25 RBM17 RBM5 SRPK1 PTBP1,0.835164835164835,0.714285714285714,0.846153846153846
118,5,RBM25 RBM17 RBM5 SRPK1 RNU4ATAC,0.898351648351648,0.785714285714286,0.846153846153846
119,6,RBM25 RBM17 RBM5 SRPK1 RNU4ATAC TRA2B,0.89010989010989,0.714285714285714,0.846153846153846
125,8,RBM25 RBM17 RBM5 SRPK1 RNU4ATAC TCERG1 HNRNPA3 HNRNPG,0.934065934065934,0.857142857142857,0.846153846153846
128,9,RBM25 RBM17 RBM5 SRPK1 RNU4ATAC TCERG1 HNRNPA3 HNRNPG HNRNPK,0.901098901098901,0.714285714285714,0.846153846153846
129,9,RBM25 RBM17 RBM5 SRPK1 RNU4ATAC TCERG1 HNRNPA3 HNRNPG PRP19,0.895604395604396,0.785714285714286,0.846153846153846
131,9,RBM25 RBM17 RBM5 SRPK1 RNU4ATAC TCERG1 HNRNPA3 HNRNPG RNU6ATAC,0.876373626373626,0.857142857142857,0.846153846153846
133,9,RBM25 RBM17 RBM5 SRPK1 RNU4ATAC TCERG1 HNRNPA3 HNRNPG SF3B2,0.857142857142857,0.714285714285714,0.846153846153846
134,9,RBM25 RBM17 RBM5 SRPK1 RNU4ATAC TCERG1 HNRNPA3 HNRNPG SF3BTV1,0.917582417582418,0.785714285714286,0.846153846153846
138,2,RBM17 SRSF10,0.857142857142857,0.714285714285714,0.846153846153846
139,3,RBM17 SRSF10 RBM5,0.881868131868132,0.857142857142857,0.846153846153846
140,4,RBM17 SRSF10 RBM5 KHDRBS1,0.846153846153846,0.785714285714286,0.846153846153846
144,6,RBM17 SRSF10 RBM5 SRPK1 PTBP1 TRA2B,0.945054945054945,0.785714285714286,0.846153846153846
147,6,RBM17 SRSF10 RBM5 SRPK1 PTBP1 HNRNPA3,0.879120879120879,0.714285714285714,0.846153846153846
151,6,RBM17 SRSF10 RBM5 SRPK1 PTBP1 CUGBP,0.93956043956044,0.714285714285714,0.846153846153846
154,6,RBM17 SRSF10 RBM5 SRPK1 PTBP1 PRP19,0.92032967032967,0.857142857142857,0.846153846153846
155,6,RBM17 SRSF10 RBM5 SRPK1 PTBP1 MBNL1,0.898351648351648,0.785714285714286,0.846153846153846
157,6,RBM17 SRSF10 RBM5 SRPK1 PTBP1 TRA2A,0.945054945054945,0.714285714285714,0.846153846153846
158,6,RBM17 SRSF10 RBM5 SRPK1 PTBP1 SF3B2,0.945054945054945,0.785714285714286,0.846153846153846
159,6,RBM17 SRSF10 RBM5 SRPK1 PTBP1 SF3BTV1,0.895604395604396,0.785714285714286,0.846153846153846
162,3,RBM3 SRSF10 RBM5,0.881868131868132,0.857142857142857,0.846153846153846
163,4,RBM3 SRSF10 RBM5 KHDRBS1,0.881868131868132,0.857142857142857,0.846153846153846
166,6,RBM3 SRSF10 RBM5 SRPK1 PTBP1 RNU4ATAC,0.956043956043956,0.857142857142857,0.846153846153846
169,7,RBM3 SRSF10 RBM5 SRPK1 PTBP1 TRA2B U2AF1,0.892857142857143,0.857142857142857,0.846153846153846
170,7,RBM3 SRSF10 RBM5 SRPK1 PTBP1 TRA2B HNRNPA3,0.934065934065934,0.857142857142857,0.846153846153846
176,7,RBM3 SRSF10 RBM5 SRPK1 PTBP1 TRA2B HNRNPK,0.925824175824176,0.857142857142857,0.846153846153846
178,7,RBM3 SRSF10 RBM5 SRPK1 PTBP1 TRA2B MBNL1,0.884615384615385,0.785714285714286,0.846153846153846
180,7,RBM3 SRSF10 RBM5 SRPK1 PTBP1 TRA2B TRA2A,0.89010989010989,0.785714285714286,0.846153846153846
184,1,SRSF10,0.813186813186813,0.714285714285714,0.846153846153846
187,3,SRSF10 RBM5 SRPK1,0.802197802197802,0.857142857142857,0.846153846153846
190,3,SRSF10 RBM5 TCERG1,0.835164835164835,0.785714285714286,0.846153846153846
191,3,SRSF10 RBM5 U2AF1,0.818681318681319,0.857142857142857,0.846153846153846
192,3,SRSF10 RBM5 HNRNPA3,0.840659340659341,0.785714285714286,0.846153846153846
193,3,SRSF10 RBM5 SC35,0.807692307692308,0.857142857142857,0.846153846153846
195,3,SRSF10 RBM5 CUGBP,0.824175824175824,0.857142857142857,0.846153846153846
197,3,SRSF10 RBM5 HNRNPK,0.807692307692308,0.785714285714286,0.846153846153846
201,3,SRSF10 RBM5 SF3B2,0.802197802197802,0.857142857142857,0.846153846153846
205,3,RBM5 KHDRBS1 TCERG1,0.826923076923077,0.857142857142857,0.846153846153846
206,3,RBM5 KHDRBS1 U2AF1,0.848901098901099,0.857142857142857,0.846153846153846
207,3,RBM5 KHDRBS1 SC35,0.835164835164835,0.857142857142857,0.846153846153846
208,3,RBM5 KHDRBS1 HNRNPG,0.840659340659341,0.857142857142857,0.846153846153846
209,3,RBM5 KHDRBS1 CUGBP,0.881868131868132,0.785714285714286,0.846153846153846
210,4,RBM5 KHDRBS1 CUGBP EIF4A3,0.854395604395604,0.785714285714286,0.846153846153846
212,4,RBM5 KHDRBS1 CUGBP PRP19,0.843406593406593,0.857142857142857,0.846153846153846
213,4,RBM5 KHDRBS1 CUGBP MBNL1,0.854395604395604,0.785714285714286,0.846153846153846
214,4,RBM5 KHDRBS1 CUGBP TRA2A,0.802197802197802,0.857142857142857,0.846153846153846
215,4,RBM5 KHDRBS1 CUGBP SF3B2,0.82967032967033,0.857142857142857,0.846153846153846
230,3,KHDRBS1 PTBP1 TRA2A,0.851648351648352,0.785714285714286,0.846153846153846
234,2,SRPK1 PTBP1,0.857142857142857,0.857142857142857,0.846153846153846
254,4,PTBP1 RNU4ATAC TRA2B HNRNPK,0.835164835164835,0.785714285714286,0.846153846153846
261,2,RNU4ATAC TRA2B,0.862637362637363,0.928571428571429,0.846153846153846
264,3,RNU4ATAC TRA2B HNRNPA3,0.857142857142857,0.928571428571429,0.846153846153846
265,3,RNU4ATAC TRA2B RNU11,0.857142857142857,0.857142857142857,0.846153846153846
268,3,RNU4ATAC TRA2B CUGBP,0.857142857142857,0.857142857142857,0.846153846153846
269,3,RNU4ATAC TRA2B EIF4A3,0.857142857142857,0.857142857142857,0.846153846153846
270,3,RNU4ATAC TRA2B HNRNPK,0.857142857142857,0.785714285714286,0.846153846153846
271,3,RNU4ATAC TRA2B PRP19,0.857142857142857,0.857142857142857,0.846153846153846
273,3,RNU4ATAC TRA2B RNU6ATAC,0.813186813186813,0.785714285714286,0.846153846153846
9,2,HNRNPA1 RBM5,0.873626373626374,0.857142857142857,0.769230769230769
24,2,HNRNPA1 PRP19,0.895604395604396,0.857142857142857,0.769230769230769
34,3,RNU12 MAGOH RBM25,0.835164835164835,0.857142857142857,0.769230769230769
36,3,RNU12 MAGOH RBM3,0.851648351648352,0.857142857142857,0.769230769230769
37,3,RNU12 MAGOH SRSF10,0.868131868131868,0.857142857142857,0.769230769230769
41,3,RNU12 MAGOH PTBP1,0.884615384615385,0.857142857142857,0.769230769230769
44,3,RNU12 MAGOH TCERG1,0.873626373626374,0.857142857142857,0.769230769230769
45,3,RNU12 MAGOH U2AF1,0.895604395604396,0.785714285714286,0.769230769230769
47,3,RNU12 MAGOH RNU11,0.901098901098901,0.857142857142857,0.769230769230769
49,3,RNU12 MAGOH HNRNPG,0.857142857142857,0.857142857142857,0.769230769230769
54,3,RNU12 MAGOH MBNL1,0.901098901098901,0.857142857142857,0.769230769230769
62,3,MAGOH SRSF3 RBM25,0.862637362637363,0.928571428571429,0.769230769230769
64,3,MAGOH SRSF3 RBM3,0.857142857142857,0.714285714285714,0.769230769230769
73,3,MAGOH SRSF3 HNRNPA3,0.879120879120879,0.857142857142857,0.769230769230769
87,1,SRSF3,0.824175824175824,0.785714285714286,0.769230769230769
88,2,SRSF3 RBM25,0.851648351648352,0.785714285714286,0.769230769230769
89,3,SRSF3 RBM25 RBM17,0.846153846153846,0.785714285714286,0.769230769230769
95,4,SRSF3 RBM25 PTBP1 TCERG1,0.846153846153846,0.928571428571429,0.769230769230769
98,4,SRSF3 RBM25 PTBP1 SC35,0.835164835164835,0.714285714285714,0.769230769230769
104,4,SRSF3 RBM25 PTBP1 MBNL1,0.807692307692308,0.785714285714286,0.769230769230769
106,4,SRSF3 RBM25 PTBP1 TRA2A,0.857142857142857,0.714285714285714,0.769230769230769
107,4,SRSF3 RBM25 PTBP1 SF3B2,0.840659340659341,0.785714285714286,0.769230769230769
111,2,RBM25 RBM17,0.857142857142857,0.785714285714286,0.769230769230769
112,3,RBM25 RBM17 RBM3,0.824175824175824,0.714285714285714,0.769230769230769
113,3,RBM25 RBM17 SRSF10,0.851648351648352,0.714285714285714,0.769230769230769
124,8,RBM25 RBM17 RBM5 SRPK1 RNU4ATAC TCERG1 HNRNPA3 SC35,0.870879120879121,0.857142857142857,0.769230769230769
126,9,RBM25 RBM17 RBM5 SRPK1 RNU4ATAC TCERG1 HNRNPA3 HNRNPG CUGBP,0.857142857142857,0.857142857142857,0.769230769230769
127,9,RBM25 RBM17 RBM5 SRPK1 RNU4ATAC TCERG1 HNRNPA3 HNRNPG EIF4A3,0.862637362637363,0.857142857142857,0.769230769230769
130,9,RBM25 RBM17 RBM5 SRPK1 RNU4ATAC TCERG1 HNRNPA3 HNRNPG MBNL1,0.82967032967033,0.785714285714286,0.769230769230769
132,9,RBM25 RBM17 RBM5 SRPK1 RNU4ATAC TCERG1 HNRNPA3 HNRNPG TRA2A,0.851648351648352,0.785714285714286,0.769230769230769
135,9,RBM25 RBM17 RBM5 SRPK1 RNU4ATAC TCERG1 HNRNPA3 HNRNPG SF3BTV2,0.881868131868132,0.857142857142857,0.769230769230769
136,1,RBM17,0.835164835164835,0.714285714285714,0.769230769230769
137,2,RBM17 RBM3,0.835164835164835,0.785714285714286,0.769230769230769
142,5,RBM17 SRSF10 RBM5 SRPK1 PTBP1,0.956043956043956,0.857142857142857,0.769230769230769
145,6,RBM17 SRSF10 RBM5 SRPK1 PTBP1 TCERG1,0.879120879120879,0.714285714285714,0.769230769230769
146,6,RBM17 SRSF10 RBM5 SRPK1 PTBP1 U2AF1,0.892857142857143,0.785714285714286,0.769230769230769
148,6,RBM17 SRSF10 RBM5 SRPK1 PTBP1 RNU11,0.85989010989011,0.785714285714286,0.769230769230769
149,6,RBM17 SRSF10 RBM5 SRPK1 PTBP1 SC35,0.89010989010989,0.785714285714286,0.769230769230769
150,6,RBM17 SRSF10 RBM5 SRPK1 PTBP1 HNRNPG,0.884615384615385,0.785714285714286,0.769230769230769
153,6,RBM17 SRSF10 RBM5 SRPK1 PTBP1 HNRNPK,0.923076923076923,0.785714285714286,0.769230769230769
156,6,RBM17 SRSF10 RBM5 SRPK1 PTBP1 RNU6ATAC,0.906593406593407,0.714285714285714,0.769230769230769
160,6,RBM17 SRSF10 RBM5 SRPK1 PTBP1 SF3BTV2,0.89010989010989,0.857142857142857,0.769230769230769
161,2,RBM3 SRSF10,0.879120879120879,0.785714285714286,0.769230769230769
165,5,RBM3 SRSF10 RBM5 SRPK1 PTBP1,0.961538461538462,0.857142857142857,0.769230769230769
171,7,RBM3 SRSF10 RBM5 SRPK1 PTBP1 TRA2B RNU11,0.892857142857143,0.785714285714286,0.769230769230769
173,7,RBM3 SRSF10 RBM5 SRPK1 PTBP1 TRA2B HNRNPG,0.873626373626374,0.785714285714286,0.769230769230769
174,7,RBM3 SRSF10 RBM5 SRPK1 PTBP1 TRA2B CUGBP,0.895604395604396,0.785714285714286,0.769230769230769
185,2,SRSF10 RBM5,0.851648351648352,0.857142857142857,0.769230769230769
186,3,SRSF10 RBM5 KHDRBS1,0.818681318681319,0.857142857142857,0.769230769230769
188,3,SRSF10 RBM5 RNU4ATAC,0.818681318681319,0.857142857142857,0.769230769230769
194,3,SRSF10 RBM5 HNRNPG,0.82967032967033,0.857142857142857,0.769230769230769
196,3,SRSF10 RBM5 EIF4A3,0.840659340659341,0.857142857142857,0.769230769230769
198,3,SRSF10 RBM5 MBNL1,0.813186813186813,0.857142857142857,0.769230769230769
199,3,SRSF10 RBM5 RNU6ATAC,0.846153846153846,0.857142857142857,0.769230769230769
200,3,SRSF10 RBM5 TRA2A,0.82967032967033,0.857142857142857,0.769230769230769
202,2,RBM5 KHDRBS1,0.873626373626374,0.857142857142857,0.769230769230769
203,3,RBM5 KHDRBS1 RNU4ATAC,0.851648351648352,0.785714285714286,0.769230769230769
204,3,RBM5 KHDRBS1 TRA2B,0.835164835164835,0.857142857142857,0.769230769230769
216,2,KHDRBS1 PTBP1,0.851648351648352,0.785714285714286,0.769230769230769
217,3,KHDRBS1 PTBP1 RNU4ATAC,0.840659340659341,0.857142857142857,0.769230769230769
219,3,KHDRBS1 PTBP1 U2AF1,0.82967032967033,0.785714285714286,0.769230769230769
220,3,KHDRBS1 PTBP1 HNRNPA3,0.851648351648352,0.857142857142857,0.769230769230769
222,3,KHDRBS1 PTBP1 SC35,0.824175824175824,0.857142857142857,0.769230769230769
224,3,KHDRBS1 PTBP1 CUGBP,0.82967032967033,0.785714285714286,0.769230769230769
225,3,KHDRBS1 PTBP1 EIF4A3,0.813186813186813,0.714285714285714,0.769230769230769
226,3,KHDRBS1 PTBP1 HNRNPK,0.82967032967033,0.785714285714286,0.769230769230769
227,3,KHDRBS1 PTBP1 PRP19,0.835164835164835,0.785714285714286,0.769230769230769
229,3,KHDRBS1 PTBP1 RNU6ATAC,0.840659340659341,0.714285714285714,0.769230769230769
232,3,KHDRBS1 PTBP1 SF3BTV1,0.824175824175824,0.714285714285714,0.769230769230769
233,3,KHDRBS1 PTBP1 SF3BTV2,0.824175824175824,0.785714285714286,0.769230769230769
235,3,SRPK1 PTBP1 RNU4ATAC,0.862637362637363,0.857142857142857,0.769230769230769
236,4,SRPK1 PTBP1 RNU4ATAC TRA2B,0.851648351648352,0.857142857142857,0.769230769230769
237,4,SRPK1 PTBP1 RNU4ATAC U2AF1,0.840659340659341,0.857142857142857,0.769230769230769
238,4,SRPK1 PTBP1 RNU4ATAC HNRNPA3,0.857142857142857,0.785714285714286,0.769230769230769
239,4,SRPK1 PTBP1 RNU4ATAC RNU11,0.82967032967033,0.785714285714286,0.769230769230769
240,4,SRPK1 PTBP1 RNU4ATAC SC35,0.807692307692308,0.857142857142857,0.769230769230769
241,4,SRPK1 PTBP1 RNU4ATAC EIF4A3,0.807692307692308,0.785714285714286,0.769230769230769
242,4,SRPK1 PTBP1 RNU4ATAC HNRNPK,0.802197802197802,0.785714285714286,0.769230769230769
243,4,SRPK1 PTBP1 RNU4ATAC PRP19,0.835164835164835,0.857142857142857,0.769230769230769
244,4,SRPK1 PTBP1 RNU4ATAC MBNL1,0.824175824175824,0.857142857142857,0.769230769230769
245,4,SRPK1 PTBP1 RNU4ATAC TRA2A,0.813186813186813,0.785714285714286,0.769230769230769
246,4,SRPK1 PTBP1 RNU4ATAC SF3B2,0.846153846153846,0.785714285714286,0.769230769230769
247,2,PTBP1 RNU4ATAC,0.862637362637363,0.785714285714286,0.769230769230769
248,3,PTBP1 RNU4ATAC TRA2B,0.868131868131868,0.857142857142857,0.769230769230769
249,4,PTBP1 RNU4ATAC TRA2B HNRNPA3,0.857142857142857,0.785714285714286,0.769230769230769
250,4,PTBP1 RNU4ATAC TRA2B RNU11,0.851648351648352,0.857142857142857,0.769230769230769
252,4,PTBP1 RNU4ATAC TRA2B CUGBP,0.840659340659341,0.857142857142857,0.769230769230769
253,4,PTBP1 RNU4ATAC TRA2B EIF4A3,0.818681318681319,0.785714285714286,0.769230769230769
255,4,PTBP1 RNU4ATAC TRA2B PRP19,0.840659340659341,0.857142857142857,0.769230769230769
262,3,RNU4ATAC TRA2B TCERG1,0.862637362637363,0.857142857142857,0.769230769230769
263,3,RNU4ATAC TRA2B U2AF1,0.862637362637363,0.785714285714286,0.769230769230769
266,3,RNU4ATAC TRA2B SC35,0.835164835164835,0.857142857142857,0.769230769230769
267,3,RNU4ATAC TRA2B HNRNPG,0.846153846153846,0.928571428571429,0.769230769230769
272,3,RNU4ATAC TRA2B MBNL1,0.835164835164835,0.857142857142857,0.769230769230769
274,3,RNU4ATAC TRA2B TRA2A,0.846153846153846,0.857142857142857,0.769230769230769
275,3,RNU4ATAC TRA2B SF3B2,0.840659340659341,0.857142857142857,0.769230769230769
276,3,RNU4ATAC TRA2B SF3BTV1,0.824175824175824,0.857142857142857,0.769230769230769
278,3,TRA2B U2AF1 RNU11,0.818681318681319,0.714285714285714,0.769230769230769
279,4,TRA2B U2AF1 RNU11 HNRNPG,0.802197802197802,0.785714285714286,0.769230769230769
280,4,TRA2B U2AF1 RNU11 HNRNPK,0.802197802197802,0.714285714285714,0.769230769230769
282,4,TRA2B U2AF1 RNU11 RNU6ATAC,0.802197802197802,0.714285714285714,0.769230769230769
60,1,MAGOH,0.857142857142857,0.785714285714286,0.692307692307692
90,3,SRSF3 RBM25 RBM3,0.813186813186813,0.785714285714286,0.692307692307692
92,3,SRSF3 RBM25 SRPK1,0.846153846153846,0.785714285714286,0.692307692307692
172,7,RBM3 SRSF10 RBM5 SRPK1 PTBP1 TRA2B SC35,0.826923076923077,0.857142857142857,0.692307692307692
177,7,RBM3 SRSF10 RBM5 SRPK1 PTBP1 TRA2B PRP19,0.857142857142857,0.785714285714286,0.692307692307692
179,7,RBM3 SRSF10 RBM5 SRPK1 PTBP1 TRA2B RNU6ATAC,0.884615384615385,0.714285714285714,0.692307692307692
189,3,SRSF10 RBM5 TRA2B,0.840659340659341,0.857142857142857,0.692307692307692
218,3,KHDRBS1 PTBP1 TCERG1,0.802197802197802,0.714285714285714,0.692307692307692
221,3,KHDRBS1 PTBP1 RNU11,0.813186813186813,0.785714285714286,0.692307692307692
223,3,KHDRBS1 PTBP1 HNRNPG,0.835164835164835,0.714285714285714,0.692307692307692
228,3,KHDRBS1 PTBP1 MBNL1,0.802197802197802,0.785714285714286,0.692307692307692
231,3,KHDRBS1 PTBP1 SF3B2,0.82967032967033,0.857142857142857,0.692307692307692
251,4,PTBP1 RNU4ATAC TRA2B SC35,0.813186813186813,0.857142857142857,0.692307692307692
256,4,PTBP1 RNU4ATAC TRA2B MBNL1,0.862637362637363,0.857142857142857,0.692307692307692
257,4,PTBP1 RNU4ATAC TRA2B TRA2A,0.840659340659341,0.785714285714286,0.692307692307692
258,4,PTBP1 RNU4ATAC TRA2B SF3B2,0.862637362637363,0.857142857142857,0.692307692307692
259,4,PTBP1 RNU4ATAC TRA2B SF3BTV1,0.807692307692308,0.857142857142857,0.692307692307692
260,4,PTBP1 RNU4ATAC TRA2B SF3BTV2,0.813186813186813,0.857142857142857,0.692307692307692
277,3,RNU4ATAC TRA2B SF3BTV2,0.824175824175824,0.857142857142857,0.692307692307692
281,4,TRA2B U2AF1 RNU11 PRP19,0.807692307692308,0.785714285714286,0.692307692307692
283,3,HNRNPA3 RNU11 SC35,0.82967032967033,0.857142857142857,0.692307692307692
284,4,HNRNPA3 RNU11 SC35 HNRNPG,0.813186813186813,0.785714285714286,0.692307692307692
285,4,HNRNPA3 RNU11 SC35 TRA2A,0.818681318681319,0.785714285714286,0.692307692307692
286,3,RNU11 SC35 CUGBP,0.813186813186813,0.785714285714286,0.692307692307692
97,2,RBM25 RBM5,0.835164835164835,0.857142857142857,0.923076923076923
98,2,RBM25 RBM5,0.835164835164835,0.857142857142857,0.923076923076923
99,2,RBM25 RBM5,0.835164835164835,0.857142857142857,0.923076923076923
102,2,RBM25 RBM5,0.835164835164835,0.857142857142857,0.923076923076923
103,2,RBM25 RBM5,0.835164835164835,0.857142857142857,0.923076923076923
104,2,RBM25 RBM5,0.835164835164835,0.857142857142857,0.923076923076923
106,2,RBM25 RBM5,0.835164835164835,0.857142857142857,0.923076923076923
107,2,RBM25 RBM5,0.835164835164835,0.857142857142857,0.923076923076923
108,2,RBM25 RBM5,0.835164835164835,0.857142857142857,0.923076923076923
109,2,RBM25 RBM5,0.835164835164835,0.857142857142857,0.923076923076923
110,4,RBM25 RBM5 HNRNPK SRSF10,0.912087912087912,0.857142857142857,0.923076923076923
112,2,RBM25 RBM5,0.835164835164835,0.857142857142857,0.923076923076923
116,2,RBM25 RBM5,0.835164835164835,0.857142857142857,0.923076923076923
2,3,RNU12 HNRNPA1 MAGOH,0.906593406593407,0.857142857142857,0.846153846153846
5,3,RNU12 HNRNPA1 RBM17,0.934065934065934,0.857142857142857,0.846153846153846
6,3,RNU12 HNRNPA1 KHDRBS1,0.945054945054945,0.857142857142857,0.846153846153846
8,3,RNU12 HNRNPA1 TRA2B,0.928571428571429,0.857142857142857,0.846153846153846
105,4,RBM25 RNU11 RBM5 SRSF10,0.903846153846154,0.928571428571429,0.846153846153846
115,3,RBM25 SF3B2 RBM5,0.901098901098901,0.928571428571429,0.846153846153846
121,4,RBM5 PTBP1 RBM17 SRSF10,0.840659340659341,0.642857142857143,0.846153846153846
138,3,RBM3 RBM5 SRSF10,0.82967032967033,0.642857142857143,0.846153846153846
165,3,RBM5 RNU11 SRSF10,0.936813186813187,0.928571428571429,0.846153846153846
167,3,RBM5 RNU11 SRSF10,0.925824175824176,0.928571428571429,0.846153846153846
171,3,RBM5 RNU11 SRSF10,0.925824175824176,0.928571428571429,0.846153846153846
261,2,RNU11 EIF4A3,0.879120879120879,0.785714285714286,0.846153846153846
276,2,HNRNPK TRA2A,0.804945054945055,0.642857142857143,0.846153846153846
3,3,RNU12 HNRNPA1 SRSF3,0.928571428571429,0.857142857142857,0.769230769230769
4,3,RNU12 HNRNPA1 RBM25,0.928571428571429,0.857142857142857,0.769230769230769
9,3,RNU12 HNRNPA1 TCERG1,0.923076923076923,0.857142857142857,0.769230769230769
11,3,RNU12 HNRNPA1 HNRNPA3,0.917582417582418,0.857142857142857,0.769230769230769
12,3,RNU12 HNRNPA1 SC35,0.923076923076923,0.857142857142857,0.769230769230769
14,3,RNU12 HNRNPA1 CUGBP,0.923076923076923,0.857142857142857,0.769230769230769
16,3,RNU12 HNRNPA1 SF3B2,0.93956043956044,0.928571428571429,0.769230769230769
18,2,MAGOH RNU12,0.901098901098901,0.928571428571429,0.769230769230769
20,3,RNU12 RBM25 MAGOH,0.846153846153846,0.857142857142857,0.769230769230769
23,4,RNU12 MAGOH SRSF10 RBM3,0.879120879120879,0.785714285714286,0.769230769230769
78,3,SRSF3 PTBP1 RBM5,0.868131868131868,0.642857142857143,0.769230769230769
79,3,SRSF3 RNU4ATAC RBM5,0.846153846153846,0.857142857142857,0.769230769230769
88,4,SRSF3 HNRNPK RBM5 SC35,0.906593406593407,0.928571428571429,0.769230769230769
89,4,SRSF3 HNRNPK RBM5 PRP19,0.901098901098901,0.928571428571429,0.769230769230769
92,5,SRSF3 HNRNPK RBM5 TRA2A SC35,0.879120879120879,0.928571428571429,0.769230769230769
93,5,SRSF3 RBM5 HNRNPK SF3B2 SC35,0.873626373626374,0.928571428571429,0.769230769230769
95,4,SRSF3 HNRNPK RBM5 SF3BTV2,0.928571428571429,0.857142857142857,0.769230769230769
111,4,RBM25 RBM5 PRP19 SRSF10,0.914835164835165,0.857142857142857,0.769230769230769
114,4,RBM5 RBM25 TRA2A SRSF10,0.876373626373626,0.928571428571429,0.769230769230769
119,4,RBM5 RBM17 SRSF10 KHDRBS1,0.821428571428571,0.714285714285714,0.769230769230769
120,4,RBM5 SRPK1 SRSF10 RBM17,0.840659340659341,0.785714285714286,0.769230769230769
130,3,RBM5 RNU11 SRSF10,0.950549450549451,0.857142857142857,0.769230769230769
131,3,RBM5 RNU11 SRSF10,0.950549450549451,0.857142857142857,0.769230769230769
134,3,SRSF10 RBM5 RNU11,0.945054945054945,0.785714285714286,0.769230769230769
139,4,PTBP1 RBM5 RBM3 SRSF10,0.82967032967033,0.714285714285714,0.769230769230769
140,4,RBM5 RBM3 SRSF10 U2AF1,0.82967032967033,0.642857142857143,0.769230769230769
141,3,RBM5 RNU11 SRSF10,0.89010989010989,0.857142857142857,0.769230769230769
142,3,RBM5 RNU11 SRSF10,0.89010989010989,0.857142857142857,0.769230769230769
143,3,RBM5 RNU11 SRSF10,0.89010989010989,0.857142857142857,0.769230769230769
145,3,RBM5 RNU11 SRSF10,0.884615384615385,0.857142857142857,0.769230769230769
146,3,SRSF10 RBM5 RNU11,0.884615384615385,0.857142857142857,0.769230769230769
157,4,SRSF10 RBM5 RNU4ATAC KHDRBS1,0.826923076923077,0.857142857142857,0.769230769230769
166,3,RBM5 RNU11 SRSF10,0.931318681318681,0.928571428571429,0.769230769230769
169,3,RBM5 RNU11 SRSF10,0.936813186813187,0.928571428571429,0.769230769230769
170,3,RBM5 RNU11 SRSF10,0.92032967032967,0.857142857142857,0.769230769230769
172,3,RBM5 RNU11 SRSF10,0.931318681318681,0.928571428571429,0.769230769230769
174,3,KHDRBS1 RBM5 PTBP1,0.818681318681319,0.714285714285714,0.769230769230769
175,1,RBM5,0.802197802197802,0.785714285714286,0.769230769230769
176,3,KHDRBS1 RBM5 TRA2B,0.862637362637363,0.857142857142857,0.769230769230769
185,3,KHDRBS1 RBM5 RNU11,0.961538461538462,0.928571428571429,0.769230769230769
186,3,KHDRBS1 RBM5 RNU11,0.961538461538462,1,0.769230769230769
187,3,KHDRBS1 RBM5 RNU11,0.956043956043956,1,0.769230769230769
188,3,KHDRBS1 RBM5 RNU11,0.967032967032967,0.928571428571429,0.769230769230769
189,3,KHDRBS1 RBM5 RNU11,0.956043956043956,0.928571428571429,0.769230769230769
190,3,KHDRBS1 RBM5 RNU11,0.961538461538462,0.857142857142857,0.769230769230769
191,3,KHDRBS1 RBM5 RNU11,0.972527472527473,0.928571428571429,0.769230769230769
192,3,KHDRBS1 RBM5 RNU11,0.972527472527473,0.928571428571429,0.769230769230769
197,2,KHDRBS1 RNU11,0.813186813186813,0.857142857142857,0.769230769230769
234,4,RNU11 TRA2B CUGBP U2AF1,0.824175824175824,0.857142857142857,0.769230769230769
237,4,RNU11 TRA2B RNU6ATAC U2AF1,0.832417582417582,0.928571428571429,0.769230769230769
238,4,RNU11 TRA2B TRA2A U2AF1,0.843406593406593,0.857142857142857,0.769230769230769
251,5,RNU11 EIF4A3 U2AF1 TRA2A CUGBP,0.837912087912088,0.928571428571429,0.769230769230769
257,2,RNU11 EIF4A3,0.851648351648352,0.785714285714286,0.769230769230769
259,2,RNU11 EIF4A3,0.895604395604396,0.785714285714286,0.769230769230769
262,2,RNU11 EIF4A3,0.873626373626374,0.785714285714286,0.769230769230769
263,2,RNU11 EIF4A3,0.862637362637363,0.785714285714286,0.769230769230769
264,2,RNU11 EIF4A3,0.868131868131868,0.714285714285714,0.769230769230769
265,2,RNU11 EIF4A3,0.835164835164835,0.785714285714286,0.769230769230769
266,2,RNU11 EIF4A3,0.851648351648352,0.857142857142857,0.769230769230769
269,4,RNU11 EIF4A3 HNRNPK SC35,0.884615384615385,0.857142857142857,0.769230769230769
274,3,HNRNPK SF3B2 EIF4A3,0.81043956043956,0.785714285714286,0.769230769230769
1,2,RNU12 HNRNPA1,0.945054945054945,0.857142857142857,0.692307692307692
7,3,RNU12 HNRNPA1 RNU4ATAC,0.928571428571429,0.857142857142857,0.692307692307692
10,2,RNU12 HNRNPA1,0.923076923076923,0.857142857142857,0.692307692307692
13,3,RNU12 HNRNPA1 HNRNPG,0.928571428571429,0.857142857142857,0.692307692307692
15,3,RNU12 HNRNPA1 PRP19,0.934065934065934,0.857142857142857,0.692307692307692
17,3,RNU12 HNRNPA1 SF3BTV1,0.912087912087912,0.857142857142857,0.692307692307692
19,3,RNU12 MAGOH SRSF3,0.879120879120879,0.928571428571429,0.692307692307692
21,1,MAGOH,0.873626373626374,0.857142857142857,0.692307692307692
22,1,MAGOH,0.93956043956044,0.928571428571429,0.692307692307692
24,1,MAGOH,0.950549450549451,0.928571428571429,0.692307692307692
25,1,MAGOH,0.950549450549451,0.928571428571429,0.692307692307692
26,1,MAGOH,0.950549450549451,0.928571428571429,0.692307692307692
27,1,MAGOH,0.950549450549451,0.928571428571429,0.692307692307692
28,1,MAGOH,0.950549450549451,0.928571428571429,0.692307692307692
29,1,MAGOH,0.950549450549451,0.928571428571429,0.692307692307692
30,1,MAGOH,0.950549450549451,0.928571428571429,0.692307692307692
31,1,MAGOH,0.950549450549451,0.928571428571429,0.692307692307692
32,1,MAGOH,0.923076923076923,0.857142857142857,0.692307692307692
33,1,MAGOH,0.950549450549451,0.928571428571429,0.692307692307692
34,1,MAGOH,0.950549450549451,0.928571428571429,0.692307692307692
35,1,MAGOH,0.950549450549451,0.928571428571429,0.692307692307692
36,1,MAGOH,0.950549450549451,0.928571428571429,0.692307692307692
37,1,MAGOH,0.950549450549451,0.928571428571429,0.692307692307692
38,1,MAGOH,0.950549450549451,0.928571428571429,0.692307692307692
39,1,MAGOH,0.950549450549451,0.928571428571429,0.692307692307692
40,1,MAGOH,0.950549450549451,0.928571428571429,0.692307692307692
41,1,MAGOH,0.950549450549451,0.928571428571429,0.692307692307692
42,1,MAGOH,0.950549450549451,0.928571428571429,0.692307692307692
43,1,MAGOH,0.950549450549451,0.928571428571429,0.692307692307692
44,1,MAGOH,0.950549450549451,0.928571428571429,0.692307692307692
45,1,MAGOH,0.950549450549451,0.928571428571429,0.692307692307692
52,1,MAGOH,0.950549450549451,0.928571428571429,0.692307692307692
53,1,MAGOH,0.950549450549451,0.928571428571429,0.692307692307692
54,1,MAGOH,0.950549450549451,0.928571428571429,0.692307692307692
55,1,MAGOH,0.950549450549451,0.928571428571429,0.692307692307692
56,1,MAGOH,0.950549450549451,0.928571428571429,0.692307692307692
57,1,MAGOH,0.950549450549451,0.928571428571429,0.692307692307692
58,1,MAGOH,0.950549450549451,0.928571428571429,0.692307692307692
59,1,MAGOH,0.950549450549451,0.928571428571429,0.692307692307692
60,1,MAGOH,0.923076923076923,0.857142857142857,0.692307692307692
61,1,MAGOH,0.950549450549451,0.928571428571429,0.692307692307692
62,1,MAGOH,0.950549450549451,0.928571428571429,0.692307692307692
63,1,MAGOH,0.950549450549451,0.928571428571429,0.692307692307692
64,1,MAGOH,0.950549450549451,0.928571428571429,0.692307692307692
65,1,MAGOH,0.950549450549451,0.928571428571429,0.692307692307692
66,1,MAGOH,0.950549450549451,0.928571428571429,0.692307692307692
67,1,MAGOH,0.950549450549451,0.928571428571429,0.692307692307692
68,1,MAGOH,0.950549450549451,0.928571428571429,0.692307692307692
69,1,MAGOH,0.950549450549451,0.928571428571429,0.692307692307692
70,1,MAGOH,0.950549450549451,0.928571428571429,0.692307692307692
71,1,MAGOH,0.950549450549451,0.928571428571429,0.692307692307692
72,1,MAGOH,0.950549450549451,0.928571428571429,0.692307692307692
73,1,MAGOH,0.950549450549451,0.928571428571429,0.692307692307692
77,3,RBM5 SRPK1 SRSF3,0.851648351648352,0.785714285714286,0.692307692307692
80,3,SRSF3 RBM5 TRA2B,0.840659340659341,0.857142857142857,0.692307692307692
83,3,RBM5 HNRNPA3 SRSF3,0.846153846153846,0.857142857142857,0.692307692307692
86,3,SRSF3 RBM5 CUGBP,0.840659340659341,0.714285714285714,0.692307692307692
90,5,SRSF3 HNRNPK RBM5 MBNL1 SC35,0.857142857142857,0.928571428571429,0.692307692307692
91,5,SRSF3 RBM5 HNRNPK RNU6ATAC SC35,0.884615384615385,0.928571428571429,0.692307692307692
94,4,SRSF3 HNRNPK RBM5 SC35,0.884615384615385,0.928571428571429,0.692307692307692
96,3,RBM25 RBM5 SRSF10,0.917582417582418,0.928571428571429,0.692307692307692
100,4,RBM25 RBM5 RNU4ATAC SRSF10,0.862637362637363,0.857142857142857,0.692307692307692
101,4,RBM25 RBM5 SRSF10 TRA2B,0.824175824175824,0.857142857142857,0.692307692307692
117,4,RBM5 RBM25 SRSF10 SF3BTV2,0.868131868131868,0.857142857142857,0.692307692307692
118,3,RBM5 RBM17 SRSF10,0.857142857142857,0.785714285714286,0.692307692307692
122,4,RBM5 RBM17 SRSF10 TRA2B,0.835164835164835,0.785714285714286,0.692307692307692
123,4,RBM5 SRSF10 RBM17 U2AF1,0.807692307692308,0.571428571428571,0.692307692307692
125,3,RBM5 RNU11 SRSF10,0.879120879120879,0.857142857142857,0.692307692307692
126,3,RBM5 RNU11 SRSF10,0.873626373626374,0.857142857142857,0.692307692307692
127,3,RBM5 RNU11 SRSF10,0.873626373626374,0.857142857142857,0.692307692307692
128,3,RBM5 RNU11 SRSF10,0.89010989010989,0.857142857142857,0.692307692307692
129,3,RBM5 RNU11 SRSF10,0.89010989010989,0.857142857142857,0.692307692307692
132,3,SRSF10 RBM5 RNU11,0.93956043956044,0.857142857142857,0.692307692307692
135,3,SRSF10 RBM5 RNU11,0.950549450549451,0.857142857142857,0.692307692307692
136,3,SRSF10 RBM5 RNU11,0.93956043956044,0.857142857142857,0.692307692307692
137,3,RBM5 RNU11 SRSF10,0.945054945054945,0.857142857142857,0.692307692307692
144,3,RBM5 RNU11 SRSF10,0.89010989010989,0.857142857142857,0.692307692307692
147,3,RBM5 RNU11 SRSF10,0.901098901098901,0.785714285714286,0.692307692307692
148,3,RBM5 RNU11 SRSF10,0.884615384615385,0.785714285714286,0.692307692307692
150,3,SRSF10 RBM5 RNU11,0.928571428571429,0.857142857142857,0.692307692307692
151,3,RBM5 RNU11 SRSF10,0.912087912087912,0.714285714285714,0.692307692307692
152,3,SRSF10 RBM5 RNU11,0.923076923076923,0.785714285714286,0.692307692307692
153,3,SRSF10 RBM5 RNU11,0.928571428571429,0.857142857142857,0.692307692307692
154,2,RBM5 SRSF10,0.857142857142857,0.785714285714286,0.692307692307692
155,3,RBM5 KHDRBS1 SRSF10,0.868131868131868,0.857142857142857,0.692307692307692
156,4,RBM5 PTBP1 KHDRBS1 SRSF10,0.82967032967033,0.714285714285714,0.692307692307692
158,4,RBM5 KHDRBS1 SRSF10 TRA2B,0.857142857142857,0.857142857142857,0.692307692307692
159,4,RBM5 TCERG1 SRSF10 KHDRBS1,0.824175824175824,0.714285714285714,0.692307692307692
160,3,RBM5 RNU11 SRSF10,0.925824175824176,0.928571428571429,0.692307692307692
161,3,RBM5 RNU11 SRSF10,0.925824175824176,0.928571428571429,0.692307692307692
162,3,RBM5 RNU11 SRSF10,0.909340659340659,0.928571428571429,0.692307692307692
163,3,RBM5 RNU11 SRSF10,0.909340659340659,0.928571428571429,0.692307692307692
164,3,RBM5 RNU11 SRSF10,0.903846153846154,0.857142857142857,0.692307692307692
168,3,RBM5 RNU11 SRSF10,0.89010989010989,0.928571428571429,0.692307692307692
173,2,KHDRBS1 RBM5,0.89010989010989,0.857142857142857,0.692307692307692
177,3,KHDRBS1 RBM5 TCERG1,0.846153846153846,0.785714285714286,0.692307692307692
178,3,KHDRBS1 RBM5 U2AF1,0.862637362637363,0.714285714285714,0.692307692307692
179,3,RBM5 KHDRBS1 HNRNPA3,0.873626373626374,0.785714285714286,0.692307692307692
180,3,KHDRBS1 RBM5 RNU11,0.92032967032967,0.928571428571429,0.692307692307692
181,3,KHDRBS1 RBM5 RNU11,0.925824175824176,0.928571428571429,0.692307692307692
182,3,KHDRBS1 RBM5 RNU11,0.914835164835165,0.928571428571429,0.692307692307692
183,3,KHDRBS1 RBM5 RNU11,0.903846153846154,0.857142857142857,0.692307692307692
184,3,KHDRBS1 RBM5 RNU11,0.914835164835165,0.928571428571429,0.692307692307692
205,6,TRA2B RNU11 RNU4ATAC HNRNPK PTBP1 SC35,0.802197802197802,0.785714285714286,0.692307692307692
206,7,TRA2B RNU4ATAC RNU11 HNRNPK PTBP1 SC35 SRPK1,0.818681318681319,0.785714285714286,0.692307692307692
207,7,TRA2B RNU11 RNU4ATAC HNRNPK MBNL1 PTBP1 SC35,0.846153846153846,0.785714285714286,0.692307692307692
208,8,TRA2B RNU4ATAC RNU11 HNRNPK PTBP1 MBNL1 RNU6ATAC SC35,0.824175824175824,0.857142857142857,0.692307692307692
209,7,TRA2B RNU11 RNU4ATAC HNRNPK MBNL1 PTBP1 SC35,0.82967032967033,0.785714285714286,0.692307692307692
210,7,TRA2B RNU11 RNU4ATAC HNRNPK SF3B2 PTBP1 SC35,0.824175824175824,0.785714285714286,0.692307692307692
211,7,TRA2B RNU11 RNU4ATAC HNRNPK MBNL1 PTBP1 SC35,0.82967032967033,0.785714285714286,0.692307692307692
212,7,TRA2B RNU11 RNU4ATAC HNRNPK MBNL1 PTBP1 SC35,0.802197802197802,0.785714285714286,0.692307692307692
213,3,RNU11 PTBP1 TRA2B,0.807692307692308,0.857142857142857,0.692307692307692
214,6,TRA2B RNU4ATAC RNU11 HNRNPK TCERG1 PTBP1,0.807692307692308,0.785714285714286,0.692307692307692
215,3,RNU11 PTBP1 TRA2B,0.840659340659341,0.857142857142857,0.692307692307692
216,3,RNU11 PTBP1 TRA2B,0.807692307692308,0.857142857142857,0.692307692307692
217,2,TRA2B RNU4ATAC,0.821428571428571,0.857142857142857,0.692307692307692
219,4,TRA2B RNU11 RNU4ATAC U2AF1,0.846153846153846,0.857142857142857,0.692307692307692
220,5,TRA2B RNU11 RNU4ATAC SC35 U2AF1,0.85989010989011,0.928571428571429,0.692307692307692
221,5,TRA2B RNU11 RNU4ATAC SC35 U2AF1,0.837912087912088,0.928571428571429,0.692307692307692
222,5,TRA2B RNU11 RNU4ATAC SC35 U2AF1,0.832417582417582,0.928571428571429,0.692307692307692
223,6,TRA2B RNU11 RNU4ATAC EIF4A3 SC35 U2AF1,0.837912087912088,0.928571428571429,0.692307692307692
224,6,TRA2B RNU4ATAC RNU11 HNRNPK SC35 U2AF1,0.857142857142857,0.857142857142857,0.692307692307692
225,5,TRA2B RNU11 RNU4ATAC SC35 U2AF1,0.865384615384615,0.857142857142857,0.692307692307692
226,4,TRA2B RNU11 RNU4ATAC U2AF1,0.835164835164835,0.928571428571429,0.692307692307692
227,5,TRA2B RNU11 RNU4ATAC SC35 U2AF1,0.865384615384615,0.928571428571429,0.692307692307692
228,4,TRA2B RNU11 RNU4ATAC U2AF1,0.824175824175824,0.857142857142857,0.692307692307692
229,4,TRA2B RNU11 RNU4ATAC U2AF1,0.824175824175824,1,0.692307692307692
230,5,TRA2B RNU11 RNU4ATAC SC35 U2AF1,0.854395604395604,0.928571428571429,0.692307692307692
231,3,RNU11 TRA2B U2AF1,0.857142857142857,0.928571428571429,0.692307692307692
232,4,TRA2B RNU11 SC35 U2AF1,0.807692307692308,0.857142857142857,0.692307692307692
233,3,RNU11 TRA2B U2AF1,0.843406593406593,0.857142857142857,0.692307692307692
235,3,RNU11 TRA2B U2AF1,0.835164835164835,0.928571428571429,0.692307692307692
236,3,RNU11 TRA2B U2AF1,0.840659340659341,0.857142857142857,0.692307692307692
239,4,RNU11 TRA2B SF3B2 U2AF1,0.837912087912088,0.785714285714286,0.692307692307692
240,4,RNU11 TRA2B SF3BTV1 U2AF1,0.807692307692308,0.928571428571429,0.692307692307692
248,4,EIF4A3 RNU11 U2AF1 CUGBP,0.837912087912088,0.928571428571429,0.692307692307692
250,5,EIF4A3 RNU11 CUGBP U2AF1 PRP19,0.81043956043956,0.857142857142857,0.692307692307692
252,5,EIF4A3 SF3B2 RNU11 U2AF1 CUGBP,0.813186813186813,0.785714285714286,0.692307692307692
254,2,RNU11 HNRNPA3,0.81043956043956,0.785714285714286,0.692307692307692
255,3,HNRNPA3 RNU11 SC35,0.804945054945055,0.785714285714286,0.692307692307692
256,3,RNU11 HNRNPA3 HNRNPG,0.846153846153846,0.785714285714286,0.692307692307692
258,5,RNU11 EIF4A3 HNRNPK HNRNPA3 HNRNPG,0.802197802197802,0.714285714285714,0.692307692307692
260,2,RNU11 EIF4A3,0.851648351648352,0.785714285714286,0.692307692307692
267,4,RNU11 EIF4A3 HNRNPK SC35,0.901098901098901,0.857142857142857,0.692307692307692
268,4,RNU11 EIF4A3 HNRNPK SC35,0.89010989010989,0.857142857142857,0.692307692307692
270,5,EIF4A3 RNU11 HNRNPK RNU6ATAC SC35,0.917582417582418,0.857142857142857,0.692307692307692
272,6,EIF4A3 RNU11 HNRNPK RNU6ATAC SC35 SF3BTV1,0.851648351648352,0.857142857142857,0.692307692307692
273,6,EIF4A3 RNU11 HNRNPK RNU6ATAC SF3BTV2 SC35,0.846153846153846,0.785714285714286,0.692307692307692
275,4,EIF4A3 HNRNPK SF3B2 SF3BTV2,0.802197802197802,0.785714285714286,0.692307692307692
47,1,MAGOH,0.873626373626374,0.857142857142857,0.615384615384615
48,1,MAGOH,0.873626373626374,0.857142857142857,0.615384615384615
49,1,MAGOH,0.873626373626374,0.857142857142857,0.615384615384615
50,1,MAGOH,0.93956043956044,0.928571428571429,0.615384615384615
75,2,RBM5 SRSF3,0.873626373626374,0.857142857142857,0.615384615384615
76,3,RBM5 SRSF3 KHDRBS1,0.862637362637363,0.857142857142857,0.615384615384615
81,1,SRSF3,0.837912087912088,0.785714285714286,0.615384615384615
82,1,SRSF3,0.837912087912088,0.785714285714286,0.615384615384615
84,3,RBM5 RNU11 SRSF3,0.857142857142857,0.928571428571429,0.615384615384615
85,2,RBM5 SRSF3,0.879120879120879,0.857142857142857,0.615384615384615
87,2,RBM5 SRSF3,0.840659340659341,0.785714285714286,0.615384615384615
113,4,RBM25 RBM5 SRSF10 RNU6ATAC,0.901098901098901,0.857142857142857,0.615384615384615
124,4,RBM5 RBM17 HNRNPA3 SRSF10,0.802197802197802,0.642857142857143,0.615384615384615
133,3,RBM5 RNU11 SRSF10,0.884615384615385,0.857142857142857,0.615384615384615
149,3,RBM5 RNU11 SRSF10,0.82967032967033,0.785714285714286,0.615384615384615
247,1,U2AF1,0.81043956043956,0.928571428571429,0.615384615384615
249,1,U2AF1,0.818681318681319,0.928571428571429,0.615384615384615
253,1,U2AF1,0.832417582417582,0.928571428571429,0.615384615384615
271,6,EIF4A3 RNU11 HNRNPK RNU6ATAC SC35 TRA2A,0.846153846153846,0.785714285714286,0.615384615384615
46,1,MAGOH,0.802197802197802,0.857142857142857,0.538461538461538
51,1,MAGOH,0.813186813186813,1,0.538461538461538
74,1,SRSF3,0.804945054945055,0.857142857142857,0.538461538461538
218,2,RNU4ATAC U2AF1,0.832417582417582,0.857142857142857,0.461538461538462
245,1,TCERG1,0.851648351648352,0.928571428571429,0.461538461538462
242,1,TCERG1,0.870879120879121,0.928571428571429,0.384615384615385
198,1,KHDRBS1,0.895604395604396,1,0.307692307692308
201,1,KHDRBS1,0.895604395604396,1,0.307692307692308
193,1,KHDRBS1,0.895604395604396,1,0.153846153846154
194,1,KHDRBS1,0.862637362637363,0.928571428571429,0.153846153846154
195,1,KHDRBS1,0.895604395604396,1,0.153846153846154
196,1,KHDRBS1,0.895604395604396,1,0.153846153846154
199,1,KHDRBS1,0.895604395604396,1,0.153846153846154
200,1,KHDRBS1,0.895604395604396,1,0.153846153846154
202,1,KHDRBS1,0.824175824175824,0.857142857142857,0.153846153846154
203,1,KHDRBS1,0.895604395604396,1,0.153846153846154
204,1,KHDRBS1,0.895604395604396,1,0.153846153846154
241,2,NA NA,0.898351648351648,0.928571428571429,0.153846153846154
243,3,NA NA NA,0.898351648351648,0.928571428571429,0.153846153846154
244,3,NA NA NA,0.898351648351648,0.928571428571429,0.153846153846154
246,3,NA NA NA,0.898351648351648,0.928571428571429,0.153846153846154
